-- phpMyAdmin SQL Dump
-- version 5.2.1
-- https://www.phpmyadmin.net/
--
-- Servidor: localhost:3306
-- Tiempo de generación: 27-05-2024 a las 17:47:26
-- Versión del servidor: 8.0.30
-- Versión de PHP: 8.1.10

SET SQL_MODE = "NO_AUTO_VALUE_ON_ZERO";
START TRANSACTION;
SET time_zone = "+00:00";


/*!40101 SET @OLD_CHARACTER_SET_CLIENT=@@CHARACTER_SET_CLIENT */;
/*!40101 SET @OLD_CHARACTER_SET_RESULTS=@@CHARACTER_SET_RESULTS */;
/*!40101 SET @OLD_COLLATION_CONNECTION=@@COLLATION_CONNECTION */;
/*!40101 SET NAMES utf8mb4 */;

--
-- Base de datos: `disper_db`
--

-- --------------------------------------------------------

--
-- Estructura de tabla para la tabla `api_maps`
--

CREATE TABLE `api_maps` (
  `id` bigint UNSIGNED NOT NULL,
  `api_key` varchar(255) COLLATE utf8mb4_unicode_ci NOT NULL,
  `map_id` varchar(255) COLLATE utf8mb4_unicode_ci NOT NULL,
  `created_at` timestamp NULL DEFAULT NULL,
  `updated_at` timestamp NULL DEFAULT NULL
) ENGINE=InnoDB DEFAULT CHARSET=utf8mb4 COLLATE=utf8mb4_unicode_ci;

--
-- Volcado de datos para la tabla `api_maps`
--

INSERT INTO `api_maps` (`id`, `api_key`, `map_id`, `created_at`, `updated_at`) VALUES
(1, 'AIzaSyDhJquXCekb8guwEiX1aLHvPePi3SMkKis', '1fb896f332f7b53c', NULL, NULL);

-- --------------------------------------------------------

--
-- Estructura de tabla para la tabla `asignacions`
--

CREATE TABLE `asignacions` (
  `id` bigint UNSIGNED NOT NULL,
  `cod` varchar(255) COLLATE utf8mb4_unicode_ci NOT NULL,
  `nro` bigint NOT NULL,
  `fecha_registro` date NOT NULL,
  `status` int DEFAULT '1',
  `created_at` timestamp NULL DEFAULT NULL,
  `updated_at` timestamp NULL DEFAULT NULL
) ENGINE=InnoDB DEFAULT CHARSET=utf8mb4 COLLATE=utf8mb4_unicode_ci;

--
-- Volcado de datos para la tabla `asignacions`
--

INSERT INTO `asignacions` (`id`, `cod`, `nro`, `fecha_registro`, `status`, `created_at`, `updated_at`) VALUES
(1, 'A.1', 1, '2024-05-27', 1, '2024-05-27 17:19:24', '2024-05-27 17:19:24'),
(2, 'A.2', 2, '2024-05-27', 1, '2024-05-27 17:21:11', '2024-05-27 17:21:11'),
(3, 'A.3', 3, '2024-05-27', 1, '2024-05-27 17:26:57', '2024-05-27 17:26:57');

-- --------------------------------------------------------

--
-- Estructura de tabla para la tabla `asignacion_detalles`
--

CREATE TABLE `asignacion_detalles` (
  `id` bigint UNSIGNED NOT NULL,
  `asignacion_id` bigint UNSIGNED NOT NULL,
  `lugar_id` bigint UNSIGNED NOT NULL,
  `detalle_entrenamiento_id` bigint UNSIGNED DEFAULT NULL,
  `lat` varchar(255) COLLATE utf8mb4_unicode_ci NOT NULL,
  `lng` varchar(255) COLLATE utf8mb4_unicode_ci NOT NULL,
  `fecha` date NOT NULL,
  `hora` time DEFAULT NULL,
  `requerido` int DEFAULT NULL,
  `restante` int NOT NULL,
  `total_personal` int NOT NULL,
  `fecha_registro` date DEFAULT NULL,
  `created_at` timestamp NULL DEFAULT NULL,
  `updated_at` timestamp NULL DEFAULT NULL
) ENGINE=InnoDB DEFAULT CHARSET=utf8mb4 COLLATE=utf8mb4_unicode_ci;

--
-- Volcado de datos para la tabla `asignacion_detalles`
--

INSERT INTO `asignacion_detalles` (`id`, `asignacion_id`, `lugar_id`, `detalle_entrenamiento_id`, `lat`, `lng`, `fecha`, `hora`, `requerido`, `restante`, `total_personal`, `fecha_registro`, `created_at`, `updated_at`) VALUES
(1, 1, 1, NULL, '-16.508267', '-68.130494', '2024-05-27', '13:19:00', 2, 0, 2, '2024-05-27', '2024-05-27 17:19:24', '2024-05-27 17:19:24'),
(2, 1, 2, NULL, '-16.507622', '-68.12984', '2024-05-27', '13:19:00', 3, 0, 3, '2024-05-27', '2024-05-27 17:19:24', '2024-05-27 17:19:24'),
(3, 1, 3, NULL, '-16.506835', '-68.129097', '2024-05-27', '13:19:00', 2, 0, 2, '2024-05-27', '2024-05-27 17:19:24', '2024-05-27 17:19:24'),
(4, 1, 4, NULL, '-16.509209', '-68.129562', '2024-05-27', '13:19:00', 3, 3, 0, '2024-05-27', '2024-05-27 17:19:24', '2024-05-27 17:19:24'),
(5, 1, 5, NULL, '-16.508526', '-68.128866', '2024-05-27', '13:19:00', 2, 2, 0, '2024-05-27', '2024-05-27 17:19:24', '2024-05-27 17:19:24'),
(6, 1, 6, NULL, '-16.507742', '-68.12807', '2024-05-27', '13:19:00', 3, 3, 0, '2024-05-27', '2024-05-27 17:19:24', '2024-05-27 17:19:24'),
(7, 1, 7, NULL, '-16.508118', '-68.12769', '2024-05-27', '13:19:00', 1, 1, 0, '2024-05-27', '2024-05-27 17:19:24', '2024-05-27 17:19:24'),
(8, 1, 8, NULL, '-16.510134', '-68.12717', '2024-05-27', '13:19:00', 3, 3, 0, '2024-05-27', '2024-05-27 17:19:24', '2024-05-27 17:19:24'),
(9, 1, 9, NULL, '-16.511184', '-68.128243', '2024-05-27', '13:19:00', 1, 1, 0, '2024-05-27', '2024-05-27 17:19:24', '2024-05-27 17:19:24'),
(10, 1, 10, NULL, '-16.512043', '-68.129133', '2024-05-27', '13:19:00', 3, 3, 0, '2024-05-27', '2024-05-27 17:19:24', '2024-05-27 17:19:24'),
(11, 1, 11, NULL, '-16.512964', '-68.12865', '2024-05-27', '13:19:00', 3, 3, 0, '2024-05-27', '2024-05-27 17:19:24', '2024-05-27 17:19:24'),
(12, 1, 12, NULL, '-16.512244', '-68.127894', '2024-05-27', '13:19:00', 3, 3, 0, '2024-05-27', '2024-05-27 17:19:24', '2024-05-27 17:19:24'),
(13, 1, 13, NULL, '-16.511592', '-68.127101', '2024-05-27', '13:19:00', 3, 3, 0, '2024-05-27', '2024-05-27 17:19:24', '2024-05-27 17:19:24'),
(14, 1, 14, NULL, '-16.510971', '-68.126308', '2024-05-27', '13:19:00', 2, 2, 0, '2024-05-27', '2024-05-27 17:19:24', '2024-05-27 17:19:24'),
(15, 1, 15, NULL, '-16.51164', '-68.127966', '2024-05-27', '13:19:00', 3, 3, 0, '2024-05-27', '2024-05-27 17:19:24', '2024-05-27 17:19:24'),
(16, 1, 16, NULL, '-16.511333', '-68.127607', '2024-05-27', '13:19:00', 2, 2, 0, '2024-05-27', '2024-05-27 17:19:24', '2024-05-27 17:19:24'),
(17, 1, 17, NULL, '-16.513431', '-68.128384', '2024-05-27', '13:19:00', 3, 3, 0, '2024-05-27', '2024-05-27 17:19:24', '2024-05-27 17:19:24'),
(18, 1, 18, NULL, '-16.514061', '-68.128503', '2024-05-27', '13:19:00', 2, 2, 0, '2024-05-27', '2024-05-27 17:19:24', '2024-05-27 17:19:24'),
(19, 1, 19, NULL, '-16.514565', '-68.128348', '2024-05-27', '13:19:00', 3, 3, 0, '2024-05-27', '2024-05-27 17:19:24', '2024-05-27 17:19:24'),
(20, 1, 20, NULL, '-16.515045', '-68.128212', '2024-05-27', '13:19:00', 3, 3, 0, '2024-05-27', '2024-05-27 17:19:24', '2024-05-27 17:19:24'),
(21, 1, 21, NULL, '-16.515806', '-68.127949', '2024-05-27', '13:19:00', 4, 4, 0, '2024-05-27', '2024-05-27 17:19:24', '2024-05-27 17:19:24'),
(22, 1, 22, NULL, '-16.516413', '-68.128003', '2024-05-27', '13:19:00', 3, 3, 0, '2024-05-27', '2024-05-27 17:19:24', '2024-05-27 17:19:24'),
(23, 1, 23, NULL, '-16.514952', '-68.128802', '2024-05-27', '13:19:00', 1, 1, 0, '2024-05-27', '2024-05-27 17:19:24', '2024-05-27 17:19:24'),
(24, 1, 24, NULL, '-16.515626', '-68.128679', '2024-05-27', '13:19:00', 2, 2, 0, '2024-05-27', '2024-05-27 17:19:24', '2024-05-27 17:19:24'),
(25, 1, 25, NULL, '-16.5145', '-68.127815', '2024-05-27', '13:19:00', 4, 4, 0, '2024-05-27', '2024-05-27 17:19:24', '2024-05-27 17:19:24'),
(26, 1, 26, NULL, '-16.515529', '-68.127375', '2024-05-27', '13:19:00', 3, 3, 0, '2024-05-27', '2024-05-27 17:19:24', '2024-05-27 17:19:24'),
(27, 1, 27, NULL, '-16.515245', '-68.125973', '2024-05-27', '13:19:00', 3, 3, 0, '2024-05-27', '2024-05-27 17:19:24', '2024-05-27 17:19:24'),
(28, 1, 28, NULL, '-16.513928', '-68.126595', '2024-05-27', '13:19:00', 4, 4, 0, '2024-05-27', '2024-05-27 17:19:24', '2024-05-27 17:19:24'),
(29, 1, 29, NULL, '-16.515104', '-68.12624', '2024-05-27', '13:19:00', 4, 4, 0, '2024-05-27', '2024-05-27 17:19:24', '2024-05-27 17:19:24'),
(30, 1, 30, NULL, '-16.512214', '-68.127107', '2024-05-27', '13:19:00', 4, 4, 0, '2024-05-27', '2024-05-27 17:19:24', '2024-05-27 17:19:24'),
(31, 1, 31, NULL, '-16.51216', '-68.126581', '2024-05-27', '13:19:00', 3, 3, 0, '2024-05-27', '2024-05-27 17:19:24', '2024-05-27 17:19:24'),
(32, 1, 32, NULL, '-16.51171', '-68.125527', '2024-05-27', '13:19:00', 2, 2, 0, '2024-05-27', '2024-05-27 17:19:24', '2024-05-27 17:19:24'),
(33, 1, 33, NULL, '-16.511679', '-68.126436', '2024-05-27', '13:19:00', 3, 3, 0, '2024-05-27', '2024-05-27 17:19:24', '2024-05-27 17:19:24'),
(34, 1, 34, NULL, '-16.512663', '-68.125389', '2024-05-27', '13:19:00', 3, 3, 0, '2024-05-27', '2024-05-27 17:19:24', '2024-05-27 17:19:24'),
(35, 1, 35, NULL, '-16.512294', '-68.124976', '2024-05-27', '13:19:00', 4, 4, 0, '2024-05-27', '2024-05-27 17:19:24', '2024-05-27 17:19:24'),
(36, 1, 36, NULL, '-16.511656', '-68.12422', '2024-05-27', '13:19:00', 3, 3, 0, '2024-05-27', '2024-05-27 17:19:24', '2024-05-27 17:19:24'),
(37, 1, 37, NULL, '-16.513037', '-68.123086', '2024-05-27', '13:19:00', 3, 3, 0, '2024-05-27', '2024-05-27 17:19:24', '2024-05-27 17:19:24'),
(38, 1, 38, NULL, '-16.5425514019', '-68.0909905683', '2024-05-27', '13:19:00', 3, 3, 0, '2024-05-27', '2024-05-27 17:19:24', '2024-05-27 17:19:24'),
(39, 1, 39, NULL, '-16.5410783999', '-68.0848687242', '2024-05-27', '13:19:00', 4, 4, 0, '2024-05-27', '2024-05-27 17:19:24', '2024-05-27 17:19:24'),
(40, 1, 40, NULL, '-16.5398342853', '-68.0897475643', '2024-05-27', '13:19:00', 5, 5, 0, '2024-05-27', '2024-05-27 17:19:24', '2024-05-27 17:19:24'),
(41, 1, 41, NULL, '-16.5395579666', '-68.088568102', '2024-05-27', '13:19:00', 4, 4, 0, '2024-05-27', '2024-05-27 17:19:24', '2024-05-27 17:19:24'),
(42, 1, 42, NULL, '-16.5402634697', '-68.0845445771', '2024-05-27', '13:19:00', 2, 2, 0, '2024-05-27', '2024-05-27 17:19:24', '2024-05-27 17:19:24'),
(43, 1, 43, NULL, '-16.5414441832', '-68.0858322309', '2024-05-27', '13:19:00', 4, 4, 0, '2024-05-27', '2024-05-27 17:19:24', '2024-05-27 17:19:24'),
(44, 1, 44, NULL, '-16.5424423908', '-68.0867271672', '2024-05-27', '13:19:00', 2, 2, 0, '2024-05-27', '2024-05-27 17:19:24', '2024-05-27 17:19:24'),
(45, 1, 45, NULL, '-16.5422585369', '-68.0860251909', '2024-05-27', '13:19:00', 2, 2, 0, '2024-05-27', '2024-05-27 17:19:24', '2024-05-27 17:19:24'),
(46, 1, 46, NULL, '-16.5419837997', '-68.0852111898', '2024-05-27', '13:19:00', 3, 3, 0, '2024-05-27', '2024-05-27 17:19:24', '2024-05-27 17:19:24'),
(47, 1, 47, NULL, '-16.5416178077', '-68.0842008268', '2024-05-27', '13:19:00', 4, 4, 0, '2024-05-27', '2024-05-27 17:19:24', '2024-05-27 17:19:24'),
(48, 1, 48, NULL, '-16.5407124065', '-68.0838583665', '2024-05-27', '13:19:00', 4, 4, 0, '2024-05-27', '2024-05-27 17:19:24', '2024-05-27 17:19:24'),
(49, 1, 49, NULL, '-16.5407115834', '-68.0836709476', '2024-05-27', '13:19:00', 4, 4, 0, '2024-05-27', '2024-05-27 17:19:24', '2024-05-27 17:19:24'),
(50, 1, 50, NULL, '-16.5417199025', '-68.0868711348', '2024-05-27', '13:19:00', 5, 5, 0, '2024-05-27', '2024-05-27 17:19:24', '2024-05-27 17:19:24'),
(51, 1, 51, NULL, '-16.5405467042', '-68.0872983554', '2024-05-27', '13:19:00', 1, 1, 0, '2024-05-27', '2024-05-27 17:19:24', '2024-05-27 17:19:24'),
(52, 1, 52, NULL, '-16.540821679', '-68.0881685797', '2024-05-27', '13:19:00', 2, 2, 0, '2024-05-27', '2024-05-27 17:19:24', '2024-05-27 17:19:24'),
(53, 1, 53, NULL, '-16.5446995856', '-68.0861448932', '2024-05-27', '13:19:00', 5, 5, 0, '2024-05-27', '2024-05-27 17:19:24', '2024-05-27 17:19:24'),
(54, 1, 54, NULL, '-16.5432557182', '-68.0866858548', '2024-05-27', '13:19:00', 2, 2, 0, '2024-05-27', '2024-05-27 17:19:24', '2024-05-27 17:19:24'),
(55, 1, 55, NULL, '-16.5429787652', '-68.0853658114', '2024-05-27', '13:19:00', 4, 4, 0, '2024-05-27', '2024-05-27 17:19:24', '2024-05-27 17:19:24'),
(56, 1, 56, NULL, '-16.5444231221', '-68.0849372945', '2024-05-27', '13:19:00', 2, 2, 0, '2024-05-27', '2024-05-27 17:19:24', '2024-05-27 17:19:24'),
(57, 1, 57, NULL, '-16.545235544', '-68.0846898081', '2024-05-27', '13:19:00', 2, 2, 0, '2024-05-27', '2024-05-27 17:19:24', '2024-05-27 17:19:24'),
(58, 1, 58, NULL, '-16.5420665782', '-68.0834771265', '2024-05-27', '13:19:00', 4, 4, 0, '2024-05-27', '2024-05-27 17:19:24', '2024-05-27 17:19:24'),
(59, 1, 59, NULL, '-16.5432408381', '-68.0832935271', '2024-05-27', '13:19:00', 4, 4, 0, '2024-05-27', '2024-05-27 17:19:24', '2024-05-27 17:19:24'),
(60, 1, 60, NULL, '-16.5396282043', '-68.0839665656', '2024-05-27', '13:19:00', 5, 5, 0, '2024-05-27', '2024-05-27 17:19:24', '2024-05-27 17:19:24'),
(61, 1, 61, NULL, '-16.5388157415', '-68.0842046758', '2024-05-27', '13:19:00', 3, 3, 0, '2024-05-27', '2024-05-27 17:19:24', '2024-05-27 17:19:24'),
(62, 1, 62, NULL, '-16.5416485828', '-68.0912384479', '2024-05-27', '13:19:00', 2, 2, 0, '2024-05-27', '2024-05-27 17:19:24', '2024-05-27 17:19:24'),
(63, 1, 63, NULL, '-16.5399952243', '-68.0852111908', '2024-05-27', '13:19:00', 2, 2, 0, '2024-05-27', '2024-05-27 17:19:24', '2024-05-27 17:19:24'),
(64, 1, 64, NULL, '-16.5448685606', '-68.0834545221', '2024-05-27', '13:19:00', 3, 3, 0, '2024-05-27', '2024-05-27 17:19:24', '2024-05-27 17:19:24'),
(65, 1, 65, NULL, '-16.5406296241', '-68.0855924177', '2024-05-27', '13:19:00', 4, 4, 0, '2024-05-27', '2024-05-27 17:19:24', '2024-05-27 17:19:24'),
(66, 1, 66, NULL, '-16.5426075877', '-68.0831746923', '2024-05-27', '13:19:00', 3, 3, 0, '2024-05-27', '2024-05-27 17:19:24', '2024-05-27 17:19:24'),
(67, 1, 67, NULL, '-16.5436012774', '-68.0830388', '2024-05-27', '13:19:00', 3, 3, 0, '2024-05-27', '2024-05-27 17:19:24', '2024-05-27 17:19:24'),
(68, 1, 68, NULL, '-16.5421876849', '-68.0904955968', '2024-05-27', '13:19:00', 3, 3, 0, '2024-05-27', '2024-05-27 17:19:24', '2024-05-27 17:19:24'),
(69, 1, 69, NULL, '-16.5425405661', '-68.0885072402', '2024-05-27', '13:19:00', 3, 3, 0, '2024-05-27', '2024-05-27 17:19:24', '2024-05-27 17:19:24'),
(70, 1, 70, NULL, '-16.5429001931', '-68.0880651022', '2024-05-27', '13:19:00', 3, 3, 0, '2024-05-27', '2024-05-27 17:19:24', '2024-05-27 17:19:24'),
(71, 1, 71, NULL, '-16.543443545', '-68.088296831', '2024-05-27', '13:19:00', 3, 3, 0, '2024-05-27', '2024-05-27 17:19:24', '2024-05-27 17:19:24'),
(72, 1, 72, NULL, '-16.5446147365', '-68.087410423', '2024-05-27', '13:19:00', 5, 5, 0, '2024-05-27', '2024-05-27 17:19:24', '2024-05-27 17:19:24'),
(73, 1, 73, NULL, '-16.5434345652', '-68.0862445631', '2024-05-27', '13:19:00', 3, 3, 0, '2024-05-27', '2024-05-27 17:19:24', '2024-05-27 17:19:24'),
(74, 1, 74, NULL, '-16.5445177832', '-68.0859114662', '2024-05-27', '13:19:00', 4, 4, 0, '2024-05-27', '2024-05-27 17:19:24', '2024-05-27 17:19:24'),
(75, 1, 75, NULL, '-16.5444251771', '-68.085405851', '2024-05-27', '13:19:00', 4, 4, 0, '2024-05-27', '2024-05-27 17:19:24', '2024-05-27 17:19:24'),
(76, 1, 76, NULL, '-16.5433418779', '-68.0857202083', '2024-05-27', '13:19:00', 3, 3, 0, '2024-05-27', '2024-05-27 17:19:24', '2024-05-27 17:19:24'),
(77, 1, 77, NULL, '-16.5399310869', '-68.0912183757', '2024-05-27', '13:19:00', 3, 3, 0, '2024-05-27', '2024-05-27 17:19:24', '2024-05-27 17:19:24'),
(78, 1, 78, NULL, '-16.5243837841', '-68.1121777257', '2024-05-27', '13:19:00', 3, 3, 0, '2024-05-27', '2024-05-27 17:19:24', '2024-05-27 17:19:24'),
(79, 1, 79, NULL, '-16.5237493893', '-68.1117870683', '2024-05-27', '13:19:00', 3, 3, 0, '2024-05-27', '2024-05-27 17:19:24', '2024-05-27 17:19:24'),
(80, 1, 80, NULL, '-16.5241977442', '-68.1109416826', '2024-05-27', '13:19:00', 4, 4, 0, '2024-05-27', '2024-05-27 17:19:24', '2024-05-27 17:19:24'),
(81, 1, 81, NULL, '-16.5248320606', '-68.1113135975', '2024-05-27', '13:19:00', 4, 4, 0, '2024-05-27', '2024-05-27 17:19:24', '2024-05-27 17:19:24'),
(82, 1, 82, NULL, '-16.5250052932', '-68.1095417921', '2024-05-27', '13:19:00', 2, 2, 0, '2024-05-27', '2024-05-27 17:19:24', '2024-05-27 17:19:24'),
(83, 1, 83, NULL, '-16.5260879585', '-68.1090683057', '2024-05-27', '13:19:00', 3, 3, 0, '2024-05-27', '2024-05-27 17:19:24', '2024-05-27 17:19:24'),
(84, 1, 84, NULL, '-16.5254536784', '-68.1087057664', '2024-05-27', '13:19:00', 4, 4, 0, '2024-05-27', '2024-05-27 17:19:24', '2024-05-27 17:19:24'),
(85, 1, 85, NULL, '-16.5259023802', '-68.1079446993', '2024-05-27', '13:19:00', 3, 3, 0, '2024-05-27', '2024-05-27 17:19:24', '2024-05-27 17:19:24'),
(86, 1, 86, NULL, '-16.5267155175', '-68.107856631', '2024-05-27', '13:19:00', 3, 3, 0, '2024-05-27', '2024-05-27 17:19:24', '2024-05-27 17:19:24'),
(87, 1, 87, NULL, '-16.526171664', '-68.1075030498', '2024-05-27', '13:19:00', 3, 3, 0, '2024-05-27', '2024-05-27 17:19:24', '2024-05-27 17:19:24'),
(88, 1, 88, NULL, '-16.5269789076', '-68.1060375392', '2024-05-27', '13:19:00', 4, 4, 0, '2024-05-27', '2024-05-27 17:19:24', '2024-05-27 17:19:24'),
(89, 1, 89, NULL, '-16.5276131118', '-68.1063813314', '2024-05-27', '13:19:00', 2, 2, 0, '2024-05-27', '2024-05-27 17:19:24', '2024-05-27 17:19:24'),
(90, 1, 90, NULL, '-16.5280614432', '-68.1055359171', '2024-05-27', '13:19:00', 3, 3, 0, '2024-05-27', '2024-05-27 17:19:24', '2024-05-27 17:19:24'),
(91, 1, 91, NULL, '-16.5274271574', '-68.1051733863', '2024-05-27', '13:19:00', 5, 5, 0, '2024-05-27', '2024-05-27 17:19:24', '2024-05-27 17:19:24'),
(92, 1, 92, NULL, '-16.5277858991', '-68.1045157946', '2024-05-27', '13:19:00', 2, 2, 0, '2024-05-27', '2024-05-27 17:19:24', '2024-05-27 17:19:24'),
(93, 1, 93, NULL, '-16.5284202261', '-68.1048876942', '2024-05-27', '13:19:00', 3, 3, 0, '2024-05-27', '2024-05-27 17:19:24', '2024-05-27 17:19:24'),
(94, 1, 94, NULL, '-16.5288685108', '-68.1040329027', '2024-05-27', '13:19:00', 4, 4, 0, '2024-05-27', '2024-05-27 17:19:24', '2024-05-27 17:19:24'),
(95, 1, 95, NULL, '-16.5282342227', '-68.1036703756', '2024-05-27', '13:19:00', 3, 3, 0, '2024-05-27', '2024-05-27 17:19:24', '2024-05-27 17:19:24'),
(96, 1, 96, NULL, '-16.5291368199', '-68.1033663508', '2024-05-27', '13:19:00', 2, 2, 0, '2024-05-27', '2024-05-27 17:19:24', '2024-05-27 17:19:24'),
(97, 1, 97, NULL, '-16.5285929996', '-68.1030221489', '2024-05-27', '13:19:00', 3, 3, 0, '2024-05-27', '2024-05-27 17:19:24', '2024-05-27 17:19:24'),
(98, 1, 98, NULL, '-16.5239347475', '-68.112863816', '2024-05-27', '13:19:00', 3, 3, 0, '2024-05-27', '2024-05-27 17:19:24', '2024-05-27 17:19:24'),
(99, 1, 99, NULL, '-16.5233910613', '-68.1125477057', '2024-05-27', '13:19:00', 2, 2, 0, '2024-05-27', '2024-05-27 17:19:24', '2024-05-27 17:19:24'),
(100, 1, 100, NULL, '-16.5264467132', '-68.1084107251', '2024-05-27', '13:19:00', 2, 2, 0, '2024-05-27', '2024-05-27 17:19:24', '2024-05-27 17:19:24'),
(101, 1, 101, NULL, '-16.5271639754', '-68.1070393349', '2024-05-27', '13:19:00', 1, 1, 0, '2024-05-27', '2024-05-27 17:19:24', '2024-05-27 17:19:24'),
(102, 1, 102, NULL, '-16.5229470731', '-68.1144238027', '2024-05-27', '13:19:00', 1, 1, 0, '2024-05-27', '2024-05-27 17:19:24', '2024-05-27 17:19:24'),
(103, 1, 103, NULL, '-16.5244762042', '-68.1126551947', '2024-05-27', '13:19:00', 3, 3, 0, '2024-05-27', '2024-05-27 17:19:24', '2024-05-27 17:19:24'),
(104, 1, 104, NULL, '-16.5269885247', '-68.1082864217', '2024-05-27', '13:19:00', 3, 3, 0, '2024-05-27', '2024-05-27 17:19:24', '2024-05-27 17:19:24'),
(105, 1, 105, NULL, '-16.5246466544', '-68.1102274764', '2024-05-27', '13:19:00', 1, 1, 0, '2024-05-27', '2024-05-27 17:19:24', '2024-05-27 17:19:24'),
(106, 1, 106, NULL, '-16.5270807538', '-68.108717043', '2024-05-27', '13:19:00', 3, 3, 0, '2024-05-27', '2024-05-27 17:19:24', '2024-05-27 17:19:24'),
(107, 1, 107, NULL, '-16.521589532', '-68.1140270669', '2024-05-27', '13:19:00', 3, 3, 0, '2024-05-27', '2024-05-27 17:19:24', '2024-05-27 17:19:24'),
(108, 1, 108, NULL, '-16.5226745156', '-68.1140970831', '2024-05-27', '13:19:00', 1, 1, 0, '2024-05-27', '2024-05-27 17:19:24', '2024-05-27 17:19:24'),
(109, 1, 109, NULL, '-16.5220398061', '-68.1136314614', '2024-05-27', '13:19:00', 1, 1, 0, '2024-05-27', '2024-05-27 17:19:24', '2024-05-27 17:19:24'),
(110, 1, 110, NULL, '-16.5269984369', '-68.1106102685', '2024-05-27', '13:19:00', 5, 5, 0, '2024-05-27', '2024-05-27 17:19:24', '2024-05-27 17:19:24'),
(111, 1, 111, NULL, '-16.5262733312', '-68.110145063', '2024-05-27', '13:19:00', 3, 3, 0, '2024-05-27', '2024-05-27 17:19:24', '2024-05-27 17:19:24'),
(112, 1, 112, NULL, '-16.5266317296', '-68.1094031506', '2024-05-27', '13:19:00', 4, 4, 0, '2024-05-27', '2024-05-27 17:19:24', '2024-05-27 17:19:24'),
(113, 1, 113, NULL, '-16.5270828333', '-68.1092043014', '2024-05-27', '13:19:00', 2, 2, 0, '2024-05-27', '2024-05-27 17:19:24', '2024-05-27 17:19:24'),
(114, 1, 114, NULL, '-16.5275998534', '-68.1032891101', '2024-05-27', '13:19:00', 2, 2, 0, '2024-05-27', '2024-05-27 17:19:24', '2024-05-27 17:19:24'),
(115, 1, 115, NULL, '-16.5278005011', '-68.107926613', '2024-05-27', '13:19:00', 2, 2, 0, '2024-05-27', '2024-05-27 17:19:24', '2024-05-27 17:19:24'),
(116, 1, 116, NULL, '-16.5287919717', '-68.1072661168', '2024-05-27', '13:19:00', 1, 1, 0, '2024-05-27', '2024-05-27 17:19:24', '2024-05-27 17:19:24'),
(117, 1, 117, NULL, '-16.5287828649', '-68.1051390296', '2024-05-27', '13:19:00', 1, 1, 0, '2024-05-27', '2024-05-27 17:19:24', '2024-05-27 17:19:24'),
(118, 1, 118, NULL, '-16.5280673001', '-68.1069039946', '2024-05-27', '13:19:00', 3, 3, 0, '2024-05-27', '2024-05-27 17:19:24', '2024-05-27 17:19:24'),
(119, 1, 119, NULL, '-16.5297674458', '-68.1028761658', '2024-05-27', '13:19:00', 4, 4, 0, '2024-05-27', '2024-05-27 17:19:24', '2024-05-27 17:19:24'),
(120, 1, 120, NULL, '-16.5266341669', '-68.1099747409', '2024-05-27', '13:19:00', 1, 1, 0, '2024-05-27', '2024-05-27 17:19:24', '2024-05-27 17:19:24'),
(121, 1, 121, NULL, '-16.5261860163', '-68.1108669911', '2024-05-27', '13:19:00', 2, 2, 0, '2024-05-27', '2024-05-27 17:19:24', '2024-05-27 17:19:24'),
(122, 1, 122, NULL, '-16.5242804253', '-68.1091328164', '2024-05-27', '13:19:00', 2, 2, 0, '2024-05-27', '2024-05-27 17:19:24', '2024-05-27 17:19:24'),
(123, 1, 123, NULL, '-16.5220386128', '-68.1133503577', '2024-05-27', '13:19:00', 2, 2, 0, '2024-05-27', '2024-05-27 17:19:24', '2024-05-27 17:19:24'),
(124, 1, 124, NULL, '-16.5305681545', '-68.0999019593', '2024-05-27', '13:19:00', 3, 3, 0, '2024-05-27', '2024-05-27 17:19:24', '2024-05-27 17:19:24'),
(125, 1, 125, NULL, '-16.5311066847', '-68.0990186169', '2024-05-27', '13:19:00', 1, 1, 0, '2024-05-27', '2024-05-27 17:19:24', '2024-05-27 17:19:24'),
(126, 1, 126, NULL, '-16.5258024117', '-68.1057056159', '2024-05-27', '13:19:00', 1, 1, 0, '2024-05-27', '2024-05-27 17:19:24', '2024-05-27 17:19:24'),
(127, 1, 127, NULL, '-16.526431116', '-68.1047656723', '2024-05-27', '13:19:00', 2, 2, 0, '2024-05-27', '2024-05-27 17:19:24', '2024-05-27 17:19:24'),
(128, 1, 128, NULL, '-16.5249099063', '-68.1083709253', '2024-05-27', '13:19:00', 2, 2, 0, '2024-05-27', '2024-05-27 17:19:24', '2024-05-27 17:19:24'),
(129, 1, 129, NULL, '-16.5263441008', '-68.1055531946', '2024-05-27', '13:19:00', 2, 2, 0, '2024-05-27', '2024-05-27 17:19:24', '2024-05-27 17:19:24'),
(130, 1, 130, NULL, '-16.5307431085', '-68.0985517689', '2024-05-27', '13:19:00', 3, 3, 0, '2024-05-27', '2024-05-27 17:19:24', '2024-05-27 17:19:24'),
(131, 1, 131, NULL, '-16.5299342235', '-68.0996237774', '2024-05-27', '13:19:00', 4, 4, 0, '2024-05-27', '2024-05-27 17:19:24', '2024-05-27 17:19:24'),
(132, 1, 132, NULL, '-16.540127449968', '-68.090645817586', '2024-05-27', '13:19:00', 5, 5, 0, '2024-05-27', '2024-05-27 17:19:24', '2024-05-27 17:19:24'),
(133, 1, 133, NULL, '-16.541463926799', '-68.090349049322', '2024-05-27', '13:19:00', 3, 3, 0, '2024-05-27', '2024-05-27 17:19:24', '2024-05-27 17:19:24'),
(134, 1, 134, NULL, '-16.544745475085', '-68.084242295599', '2024-05-27', '13:19:00', 4, 4, 0, '2024-05-27', '2024-05-27 17:19:24', '2024-05-27 17:19:24'),
(135, 1, 135, NULL, '-16.543056023268', '-68.088561046854', '2024-05-27', '13:19:00', 1, 1, 0, '2024-05-27', '2024-05-27 17:19:24', '2024-05-27 17:19:24'),
(136, 1, 136, NULL, '-16.543632007893', '-68.087986693038', '2024-05-27', '13:19:00', 2, 2, 0, '2024-05-27', '2024-05-27 17:19:24', '2024-05-27 17:19:24'),
(137, 1, 137, NULL, '-16.528868188951', '-68.10606632748', '2024-05-27', '13:19:00', 4, 4, 0, '2024-05-27', '2024-05-27 17:19:24', '2024-05-27 17:19:24'),
(138, 1, 138, NULL, '-16.526426649091', '-68.112187131805', '2024-05-27', '13:19:00', 5, 5, 0, '2024-05-27', '2024-05-27 17:19:24', '2024-05-27 17:19:24'),
(139, 1, 139, NULL, '-16.512322883435', '-68.122211693358', '2024-05-27', '13:19:00', 3, 3, 0, '2024-05-27', '2024-05-27 17:19:24', '2024-05-27 17:19:24'),
(140, 1, 140, NULL, '-16.511980978995', '-68.122588030188', '2024-05-27', '13:19:00', 4, 4, 0, '2024-05-27', '2024-05-27 17:19:24', '2024-05-27 17:19:24'),
(141, 1, 141, NULL, '-16.513259424835', '-68.121373544774', '2024-05-27', '13:19:00', 4, 4, 0, '2024-05-27', '2024-05-27 17:19:24', '2024-05-27 17:19:24'),
(142, 1, 142, NULL, '-16.50889147426', '-68.131690575559', '2024-05-27', '13:19:00', 4, 4, 0, '2024-05-27', '2024-05-27 17:19:24', '2024-05-27 17:19:24'),
(143, 1, 143, NULL, '-16.510223742886', '-68.130363490004', '2024-05-27', '13:19:00', 4, 4, 0, '2024-05-27', '2024-05-27 17:19:24', '2024-05-27 17:19:24'),
(144, 1, 144, NULL, '-16.511048975066', '-68.131006316689', '2024-05-27', '13:19:00', 3, 3, 0, '2024-05-27', '2024-05-27 17:19:24', '2024-05-27 17:19:24'),
(145, 1, 145, NULL, '-16.510835035181', '-68.129554953953', '2024-05-27', '13:19:00', 3, 3, 0, '2024-05-27', '2024-05-27 17:19:24', '2024-05-27 17:19:24'),
(146, 1, 146, NULL, '-16.511787984621', '-68.130478303048', '2024-05-27', '13:19:00', 5, 5, 0, '2024-05-27', '2024-05-27 17:19:24', '2024-05-27 17:19:24'),
(147, 1, 147, NULL, '-16.523523398374', '-68.109661027612', '2024-05-27', '13:19:00', 4, 4, 0, '2024-05-27', '2024-05-27 17:19:24', '2024-05-27 17:19:24'),
(148, 1, 148, NULL, '-16.525673177805', '-68.105078389881', '2024-05-27', '13:19:00', 2, 2, 0, '2024-05-27', '2024-05-27 17:19:24', '2024-05-27 17:19:24'),
(149, 1, 149, NULL, '-16.540868984039', '-68.086584632259', '2024-05-27', '13:19:00', 1, 1, 0, '2024-05-27', '2024-05-27 17:19:24', '2024-05-27 17:19:24'),
(150, 1, 150, NULL, '-16.543607757603', '-68.090713852894', '2024-05-27', '13:19:00', 3, 3, 0, '2024-05-27', '2024-05-27 17:19:24', '2024-05-27 17:19:24'),
(151, 1, 151, NULL, '-16.539129061054', '-68.085571373237', '2024-05-27', '13:19:00', 2, 2, 0, '2024-05-27', '2024-05-27 17:19:24', '2024-05-27 17:19:24'),
(152, 1, 152, NULL, '-16.541382985508', '-68.088372108784', '2024-05-27', '13:19:00', 2, 2, 0, '2024-05-27', '2024-05-27 17:19:24', '2024-05-27 17:19:24'),
(153, 1, 153, NULL, '-16.541153656332', '-68.087604749943', '2024-05-27', '13:19:00', 3, 3, 0, '2024-05-27', '2024-05-27 17:19:24', '2024-05-27 17:19:24'),
(154, 1, 154, NULL, '-16.54113337819', '-68.08916983067', '2024-05-27', '13:19:00', 2, 2, 0, '2024-05-27', '2024-05-27 17:19:24', '2024-05-27 17:19:24'),
(155, 2, 1, NULL, '-16.508267', '-68.130494', '2024-05-27', '13:21:00', 2, 0, 2, '2024-05-27', '2024-05-27 17:21:11', '2024-05-27 17:21:11'),
(156, 2, 2, NULL, '-16.507622', '-68.12984', '2024-05-27', '13:21:00', 3, 0, 3, '2024-05-27', '2024-05-27 17:21:13', '2024-05-27 17:21:13'),
(157, 2, 3, NULL, '-16.506835', '-68.129097', '2024-05-27', '13:21:00', 2, 0, 2, '2024-05-27', '2024-05-27 17:21:15', '2024-05-27 17:21:15'),
(158, 2, 4, NULL, '-16.509209', '-68.129562', '2024-05-27', '13:21:00', 3, 2, 1, '2024-05-27', '2024-05-27 17:21:17', '2024-05-27 17:21:17'),
(159, 2, 5, NULL, '-16.508526', '-68.128866', '2024-05-27', '13:21:00', 2, 2, 0, '2024-05-27', '2024-05-27 17:21:19', '2024-05-27 17:21:19'),
(160, 2, 6, NULL, '-16.507742', '-68.12807', '2024-05-27', '13:21:00', 3, 3, 0, '2024-05-27', '2024-05-27 17:21:21', '2024-05-27 17:21:21'),
(161, 2, 7, NULL, '-16.508118', '-68.12769', '2024-05-27', '13:21:00', 1, 1, 0, '2024-05-27', '2024-05-27 17:21:23', '2024-05-27 17:21:23'),
(162, 2, 8, NULL, '-16.510134', '-68.12717', '2024-05-27', '13:21:00', 3, 3, 0, '2024-05-27', '2024-05-27 17:21:25', '2024-05-27 17:21:25'),
(163, 2, 9, NULL, '-16.511184', '-68.128243', '2024-05-27', '13:21:00', 1, 1, 0, '2024-05-27', '2024-05-27 17:21:27', '2024-05-27 17:21:27'),
(164, 2, 10, NULL, '-16.512043', '-68.129133', '2024-05-27', '13:21:00', 3, 3, 0, '2024-05-27', '2024-05-27 17:21:29', '2024-05-27 17:21:29'),
(165, 2, 11, NULL, '-16.512964', '-68.12865', '2024-05-27', '13:21:00', 3, 3, 0, '2024-05-27', '2024-05-27 17:21:31', '2024-05-27 17:21:31'),
(166, 2, 12, NULL, '-16.512244', '-68.127894', '2024-05-27', '13:21:00', 3, 3, 0, '2024-05-27', '2024-05-27 17:21:33', '2024-05-27 17:21:33'),
(167, 2, 13, NULL, '-16.511592', '-68.127101', '2024-05-27', '13:21:00', 3, 3, 0, '2024-05-27', '2024-05-27 17:21:35', '2024-05-27 17:21:35'),
(168, 2, 14, NULL, '-16.510971', '-68.126308', '2024-05-27', '13:21:00', 2, 2, 0, '2024-05-27', '2024-05-27 17:21:37', '2024-05-27 17:21:37'),
(169, 2, 15, NULL, '-16.51164', '-68.127966', '2024-05-27', '13:21:00', 3, 3, 0, '2024-05-27', '2024-05-27 17:21:39', '2024-05-27 17:21:39'),
(170, 2, 16, NULL, '-16.511333', '-68.127607', '2024-05-27', '13:21:00', 2, 2, 0, '2024-05-27', '2024-05-27 17:21:41', '2024-05-27 17:21:41'),
(171, 2, 17, NULL, '-16.513431', '-68.128384', '2024-05-27', '13:21:00', 3, 3, 0, '2024-05-27', '2024-05-27 17:21:43', '2024-05-27 17:21:43'),
(172, 2, 18, NULL, '-16.514061', '-68.128503', '2024-05-27', '13:21:00', 2, 2, 0, '2024-05-27', '2024-05-27 17:21:45', '2024-05-27 17:21:45'),
(173, 2, 19, NULL, '-16.514565', '-68.128348', '2024-05-27', '13:21:00', 3, 3, 0, '2024-05-27', '2024-05-27 17:21:47', '2024-05-27 17:21:47'),
(174, 2, 20, NULL, '-16.515045', '-68.128212', '2024-05-27', '13:21:00', 3, 3, 0, '2024-05-27', '2024-05-27 17:21:49', '2024-05-27 17:21:49'),
(175, 2, 21, NULL, '-16.515806', '-68.127949', '2024-05-27', '13:21:00', 4, 4, 0, '2024-05-27', '2024-05-27 17:21:51', '2024-05-27 17:21:51'),
(176, 2, 22, NULL, '-16.516413', '-68.128003', '2024-05-27', '13:21:00', 3, 3, 0, '2024-05-27', '2024-05-27 17:21:53', '2024-05-27 17:21:53'),
(177, 2, 23, NULL, '-16.514952', '-68.128802', '2024-05-27', '13:21:00', 1, 1, 0, '2024-05-27', '2024-05-27 17:21:55', '2024-05-27 17:21:55'),
(178, 2, 24, NULL, '-16.515626', '-68.128679', '2024-05-27', '13:21:00', 2, 2, 0, '2024-05-27', '2024-05-27 17:21:57', '2024-05-27 17:21:57'),
(179, 2, 25, NULL, '-16.5145', '-68.127815', '2024-05-27', '13:21:00', 4, 4, 0, '2024-05-27', '2024-05-27 17:21:59', '2024-05-27 17:21:59'),
(180, 2, 26, NULL, '-16.515529', '-68.127375', '2024-05-27', '13:21:00', 3, 3, 0, '2024-05-27', '2024-05-27 17:22:01', '2024-05-27 17:22:01'),
(181, 2, 27, NULL, '-16.515245', '-68.125973', '2024-05-27', '13:21:00', 3, 3, 0, '2024-05-27', '2024-05-27 17:22:03', '2024-05-27 17:22:03'),
(182, 2, 28, NULL, '-16.513928', '-68.126595', '2024-05-27', '13:21:00', 4, 4, 0, '2024-05-27', '2024-05-27 17:22:05', '2024-05-27 17:22:05'),
(183, 2, 29, NULL, '-16.515104', '-68.12624', '2024-05-27', '13:21:00', 4, 4, 0, '2024-05-27', '2024-05-27 17:22:07', '2024-05-27 17:22:07'),
(184, 2, 30, NULL, '-16.512214', '-68.127107', '2024-05-27', '13:21:00', 4, 4, 0, '2024-05-27', '2024-05-27 17:22:09', '2024-05-27 17:22:09'),
(185, 2, 31, NULL, '-16.51216', '-68.126581', '2024-05-27', '13:21:00', 3, 3, 0, '2024-05-27', '2024-05-27 17:22:11', '2024-05-27 17:22:11'),
(186, 2, 32, NULL, '-16.51171', '-68.125527', '2024-05-27', '13:21:00', 2, 2, 0, '2024-05-27', '2024-05-27 17:22:13', '2024-05-27 17:22:13'),
(187, 2, 33, NULL, '-16.511679', '-68.126436', '2024-05-27', '13:21:00', 3, 3, 0, '2024-05-27', '2024-05-27 17:22:15', '2024-05-27 17:22:15'),
(188, 2, 34, NULL, '-16.512663', '-68.125389', '2024-05-27', '13:21:00', 3, 3, 0, '2024-05-27', '2024-05-27 17:22:17', '2024-05-27 17:22:17'),
(189, 2, 35, NULL, '-16.512294', '-68.124976', '2024-05-27', '13:21:00', 4, 4, 0, '2024-05-27', '2024-05-27 17:22:19', '2024-05-27 17:22:19'),
(190, 2, 36, NULL, '-16.511656', '-68.12422', '2024-05-27', '13:21:00', 3, 3, 0, '2024-05-27', '2024-05-27 17:22:21', '2024-05-27 17:22:21'),
(191, 2, 37, NULL, '-16.513037', '-68.123086', '2024-05-27', '13:21:00', 3, 3, 0, '2024-05-27', '2024-05-27 17:22:23', '2024-05-27 17:22:23'),
(192, 2, 38, NULL, '-16.5425514019', '-68.0909905683', '2024-05-27', '13:21:00', 3, 3, 0, '2024-05-27', '2024-05-27 17:22:25', '2024-05-27 17:22:25'),
(193, 2, 39, NULL, '-16.5410783999', '-68.0848687242', '2024-05-27', '13:21:00', 4, 4, 0, '2024-05-27', '2024-05-27 17:22:27', '2024-05-27 17:22:27'),
(194, 2, 40, NULL, '-16.5398342853', '-68.0897475643', '2024-05-27', '13:21:00', 5, 5, 0, '2024-05-27', '2024-05-27 17:22:29', '2024-05-27 17:22:29'),
(195, 2, 41, NULL, '-16.5395579666', '-68.088568102', '2024-05-27', '13:21:00', 4, 4, 0, '2024-05-27', '2024-05-27 17:22:31', '2024-05-27 17:22:31'),
(196, 2, 42, NULL, '-16.5402634697', '-68.0845445771', '2024-05-27', '13:21:00', 2, 2, 0, '2024-05-27', '2024-05-27 17:22:33', '2024-05-27 17:22:33'),
(197, 2, 43, NULL, '-16.5414441832', '-68.0858322309', '2024-05-27', '13:21:00', 4, 4, 0, '2024-05-27', '2024-05-27 17:22:35', '2024-05-27 17:22:35'),
(198, 2, 44, NULL, '-16.5424423908', '-68.0867271672', '2024-05-27', '13:21:00', 2, 2, 0, '2024-05-27', '2024-05-27 17:22:37', '2024-05-27 17:22:37'),
(199, 2, 45, NULL, '-16.5422585369', '-68.0860251909', '2024-05-27', '13:21:00', 2, 2, 0, '2024-05-27', '2024-05-27 17:22:39', '2024-05-27 17:22:39'),
(200, 2, 46, NULL, '-16.5419837997', '-68.0852111898', '2024-05-27', '13:21:00', 3, 3, 0, '2024-05-27', '2024-05-27 17:22:41', '2024-05-27 17:22:41'),
(201, 2, 47, NULL, '-16.5416178077', '-68.0842008268', '2024-05-27', '13:21:00', 4, 4, 0, '2024-05-27', '2024-05-27 17:22:43', '2024-05-27 17:22:43'),
(202, 2, 48, NULL, '-16.5407124065', '-68.0838583665', '2024-05-27', '13:21:00', 4, 4, 0, '2024-05-27', '2024-05-27 17:22:45', '2024-05-27 17:22:45'),
(203, 2, 49, NULL, '-16.5407115834', '-68.0836709476', '2024-05-27', '13:21:00', 4, 4, 0, '2024-05-27', '2024-05-27 17:22:47', '2024-05-27 17:22:47'),
(204, 2, 50, NULL, '-16.5417199025', '-68.0868711348', '2024-05-27', '13:21:00', 5, 5, 0, '2024-05-27', '2024-05-27 17:22:49', '2024-05-27 17:22:49'),
(205, 2, 51, NULL, '-16.5405467042', '-68.0872983554', '2024-05-27', '13:21:00', 1, 1, 0, '2024-05-27', '2024-05-27 17:22:51', '2024-05-27 17:22:51'),
(206, 2, 52, NULL, '-16.540821679', '-68.0881685797', '2024-05-27', '13:21:00', 2, 2, 0, '2024-05-27', '2024-05-27 17:22:53', '2024-05-27 17:22:53'),
(207, 2, 53, NULL, '-16.5446995856', '-68.0861448932', '2024-05-27', '13:21:00', 5, 5, 0, '2024-05-27', '2024-05-27 17:22:55', '2024-05-27 17:22:55'),
(208, 2, 54, NULL, '-16.5432557182', '-68.0866858548', '2024-05-27', '13:21:00', 2, 2, 0, '2024-05-27', '2024-05-27 17:22:57', '2024-05-27 17:22:57'),
(209, 2, 55, NULL, '-16.5429787652', '-68.0853658114', '2024-05-27', '13:21:00', 4, 4, 0, '2024-05-27', '2024-05-27 17:22:59', '2024-05-27 17:22:59'),
(210, 2, 56, NULL, '-16.5444231221', '-68.0849372945', '2024-05-27', '13:21:00', 2, 2, 0, '2024-05-27', '2024-05-27 17:23:01', '2024-05-27 17:23:01'),
(211, 2, 57, NULL, '-16.545235544', '-68.0846898081', '2024-05-27', '13:21:00', 2, 2, 0, '2024-05-27', '2024-05-27 17:23:03', '2024-05-27 17:23:03'),
(212, 2, 58, NULL, '-16.5420665782', '-68.0834771265', '2024-05-27', '13:21:00', 4, 4, 0, '2024-05-27', '2024-05-27 17:23:05', '2024-05-27 17:23:05'),
(213, 2, 59, NULL, '-16.5432408381', '-68.0832935271', '2024-05-27', '13:21:00', 4, 4, 0, '2024-05-27', '2024-05-27 17:23:07', '2024-05-27 17:23:07'),
(214, 2, 60, NULL, '-16.5396282043', '-68.0839665656', '2024-05-27', '13:21:00', 5, 5, 0, '2024-05-27', '2024-05-27 17:23:09', '2024-05-27 17:23:09'),
(215, 2, 61, NULL, '-16.5388157415', '-68.0842046758', '2024-05-27', '13:21:00', 3, 3, 0, '2024-05-27', '2024-05-27 17:23:11', '2024-05-27 17:23:11'),
(216, 2, 62, NULL, '-16.5416485828', '-68.0912384479', '2024-05-27', '13:21:00', 2, 2, 0, '2024-05-27', '2024-05-27 17:23:13', '2024-05-27 17:23:13'),
(217, 2, 63, NULL, '-16.5399952243', '-68.0852111908', '2024-05-27', '13:21:00', 2, 2, 0, '2024-05-27', '2024-05-27 17:23:15', '2024-05-27 17:23:15'),
(218, 2, 64, NULL, '-16.5448685606', '-68.0834545221', '2024-05-27', '13:21:00', 3, 3, 0, '2024-05-27', '2024-05-27 17:23:17', '2024-05-27 17:23:17'),
(219, 2, 65, NULL, '-16.5406296241', '-68.0855924177', '2024-05-27', '13:21:00', 4, 4, 0, '2024-05-27', '2024-05-27 17:23:19', '2024-05-27 17:23:19'),
(220, 2, 66, NULL, '-16.5426075877', '-68.0831746923', '2024-05-27', '13:21:00', 3, 3, 0, '2024-05-27', '2024-05-27 17:23:21', '2024-05-27 17:23:21'),
(221, 2, 67, NULL, '-16.5436012774', '-68.0830388', '2024-05-27', '13:21:00', 3, 3, 0, '2024-05-27', '2024-05-27 17:23:23', '2024-05-27 17:23:23'),
(222, 2, 68, NULL, '-16.5421876849', '-68.0904955968', '2024-05-27', '13:21:00', 3, 3, 0, '2024-05-27', '2024-05-27 17:23:25', '2024-05-27 17:23:25'),
(223, 2, 69, NULL, '-16.5425405661', '-68.0885072402', '2024-05-27', '13:21:00', 3, 3, 0, '2024-05-27', '2024-05-27 17:23:27', '2024-05-27 17:23:27'),
(224, 2, 70, NULL, '-16.5429001931', '-68.0880651022', '2024-05-27', '13:21:00', 3, 3, 0, '2024-05-27', '2024-05-27 17:23:29', '2024-05-27 17:23:29'),
(225, 2, 71, NULL, '-16.543443545', '-68.088296831', '2024-05-27', '13:21:00', 3, 3, 0, '2024-05-27', '2024-05-27 17:23:31', '2024-05-27 17:23:31'),
(226, 2, 72, NULL, '-16.5446147365', '-68.087410423', '2024-05-27', '13:21:00', 5, 5, 0, '2024-05-27', '2024-05-27 17:23:33', '2024-05-27 17:23:33'),
(227, 2, 73, NULL, '-16.5434345652', '-68.0862445631', '2024-05-27', '13:21:00', 3, 3, 0, '2024-05-27', '2024-05-27 17:23:35', '2024-05-27 17:23:35'),
(228, 2, 74, NULL, '-16.5445177832', '-68.0859114662', '2024-05-27', '13:21:00', 4, 4, 0, '2024-05-27', '2024-05-27 17:23:37', '2024-05-27 17:23:37'),
(229, 2, 75, NULL, '-16.5444251771', '-68.085405851', '2024-05-27', '13:21:00', 4, 4, 0, '2024-05-27', '2024-05-27 17:23:39', '2024-05-27 17:23:39'),
(230, 2, 76, NULL, '-16.5433418779', '-68.0857202083', '2024-05-27', '13:21:00', 3, 3, 0, '2024-05-27', '2024-05-27 17:23:41', '2024-05-27 17:23:41'),
(231, 2, 77, NULL, '-16.5399310869', '-68.0912183757', '2024-05-27', '13:21:00', 3, 3, 0, '2024-05-27', '2024-05-27 17:23:43', '2024-05-27 17:23:43'),
(232, 2, 78, NULL, '-16.5243837841', '-68.1121777257', '2024-05-27', '13:21:00', 3, 3, 0, '2024-05-27', '2024-05-27 17:23:45', '2024-05-27 17:23:45'),
(233, 2, 79, NULL, '-16.5237493893', '-68.1117870683', '2024-05-27', '13:21:00', 3, 3, 0, '2024-05-27', '2024-05-27 17:23:47', '2024-05-27 17:23:47'),
(234, 2, 80, NULL, '-16.5241977442', '-68.1109416826', '2024-05-27', '13:21:00', 4, 4, 0, '2024-05-27', '2024-05-27 17:23:49', '2024-05-27 17:23:49'),
(235, 2, 81, NULL, '-16.5248320606', '-68.1113135975', '2024-05-27', '13:21:00', 4, 4, 0, '2024-05-27', '2024-05-27 17:23:51', '2024-05-27 17:23:51'),
(236, 2, 82, NULL, '-16.5250052932', '-68.1095417921', '2024-05-27', '13:21:00', 2, 2, 0, '2024-05-27', '2024-05-27 17:23:53', '2024-05-27 17:23:53'),
(237, 2, 83, NULL, '-16.5260879585', '-68.1090683057', '2024-05-27', '13:21:00', 3, 3, 0, '2024-05-27', '2024-05-27 17:23:55', '2024-05-27 17:23:55'),
(238, 2, 84, NULL, '-16.5254536784', '-68.1087057664', '2024-05-27', '13:21:00', 4, 4, 0, '2024-05-27', '2024-05-27 17:23:57', '2024-05-27 17:23:57'),
(239, 2, 85, NULL, '-16.5259023802', '-68.1079446993', '2024-05-27', '13:21:00', 3, 3, 0, '2024-05-27', '2024-05-27 17:23:59', '2024-05-27 17:23:59'),
(240, 2, 86, NULL, '-16.5267155175', '-68.107856631', '2024-05-27', '13:21:00', 3, 3, 0, '2024-05-27', '2024-05-27 17:24:01', '2024-05-27 17:24:01'),
(241, 2, 87, NULL, '-16.526171664', '-68.1075030498', '2024-05-27', '13:21:00', 3, 3, 0, '2024-05-27', '2024-05-27 17:24:03', '2024-05-27 17:24:03'),
(242, 2, 88, NULL, '-16.5269789076', '-68.1060375392', '2024-05-27', '13:21:00', 4, 4, 0, '2024-05-27', '2024-05-27 17:24:05', '2024-05-27 17:24:05'),
(243, 2, 89, NULL, '-16.5276131118', '-68.1063813314', '2024-05-27', '13:21:00', 2, 2, 0, '2024-05-27', '2024-05-27 17:24:07', '2024-05-27 17:24:07'),
(244, 2, 90, NULL, '-16.5280614432', '-68.1055359171', '2024-05-27', '13:21:00', 3, 3, 0, '2024-05-27', '2024-05-27 17:24:09', '2024-05-27 17:24:09'),
(245, 2, 91, NULL, '-16.5274271574', '-68.1051733863', '2024-05-27', '13:21:00', 5, 5, 0, '2024-05-27', '2024-05-27 17:24:11', '2024-05-27 17:24:11'),
(246, 2, 92, NULL, '-16.5277858991', '-68.1045157946', '2024-05-27', '13:21:00', 2, 2, 0, '2024-05-27', '2024-05-27 17:24:13', '2024-05-27 17:24:13'),
(247, 2, 93, NULL, '-16.5284202261', '-68.1048876942', '2024-05-27', '13:21:00', 3, 3, 0, '2024-05-27', '2024-05-27 17:24:15', '2024-05-27 17:24:15'),
(248, 2, 94, NULL, '-16.5288685108', '-68.1040329027', '2024-05-27', '13:21:00', 4, 4, 0, '2024-05-27', '2024-05-27 17:24:17', '2024-05-27 17:24:17'),
(249, 2, 95, NULL, '-16.5282342227', '-68.1036703756', '2024-05-27', '13:21:00', 3, 3, 0, '2024-05-27', '2024-05-27 17:24:19', '2024-05-27 17:24:19'),
(250, 2, 96, NULL, '-16.5291368199', '-68.1033663508', '2024-05-27', '13:21:00', 2, 2, 0, '2024-05-27', '2024-05-27 17:24:21', '2024-05-27 17:24:21'),
(251, 2, 97, NULL, '-16.5285929996', '-68.1030221489', '2024-05-27', '13:21:00', 3, 3, 0, '2024-05-27', '2024-05-27 17:24:23', '2024-05-27 17:24:23'),
(252, 2, 98, NULL, '-16.5239347475', '-68.112863816', '2024-05-27', '13:21:00', 3, 3, 0, '2024-05-27', '2024-05-27 17:24:25', '2024-05-27 17:24:25'),
(253, 2, 99, NULL, '-16.5233910613', '-68.1125477057', '2024-05-27', '13:21:00', 2, 2, 0, '2024-05-27', '2024-05-27 17:24:27', '2024-05-27 17:24:27'),
(254, 2, 100, NULL, '-16.5264467132', '-68.1084107251', '2024-05-27', '13:21:00', 2, 2, 0, '2024-05-27', '2024-05-27 17:24:29', '2024-05-27 17:24:29'),
(255, 2, 101, NULL, '-16.5271639754', '-68.1070393349', '2024-05-27', '13:21:00', 1, 1, 0, '2024-05-27', '2024-05-27 17:24:31', '2024-05-27 17:24:31'),
(256, 2, 102, NULL, '-16.5229470731', '-68.1144238027', '2024-05-27', '13:21:00', 1, 1, 0, '2024-05-27', '2024-05-27 17:24:33', '2024-05-27 17:24:33'),
(257, 2, 103, NULL, '-16.5244762042', '-68.1126551947', '2024-05-27', '13:21:00', 3, 3, 0, '2024-05-27', '2024-05-27 17:24:35', '2024-05-27 17:24:35'),
(258, 2, 104, NULL, '-16.5269885247', '-68.1082864217', '2024-05-27', '13:21:00', 3, 3, 0, '2024-05-27', '2024-05-27 17:24:37', '2024-05-27 17:24:37'),
(259, 2, 105, NULL, '-16.5246466544', '-68.1102274764', '2024-05-27', '13:21:00', 1, 1, 0, '2024-05-27', '2024-05-27 17:24:39', '2024-05-27 17:24:39'),
(260, 2, 106, NULL, '-16.5270807538', '-68.108717043', '2024-05-27', '13:21:00', 3, 3, 0, '2024-05-27', '2024-05-27 17:24:41', '2024-05-27 17:24:41'),
(261, 2, 107, NULL, '-16.521589532', '-68.1140270669', '2024-05-27', '13:21:00', 3, 3, 0, '2024-05-27', '2024-05-27 17:24:43', '2024-05-27 17:24:43'),
(262, 2, 108, NULL, '-16.5226745156', '-68.1140970831', '2024-05-27', '13:21:00', 1, 1, 0, '2024-05-27', '2024-05-27 17:24:45', '2024-05-27 17:24:45'),
(263, 2, 109, NULL, '-16.5220398061', '-68.1136314614', '2024-05-27', '13:21:00', 1, 1, 0, '2024-05-27', '2024-05-27 17:24:47', '2024-05-27 17:24:47'),
(264, 2, 110, NULL, '-16.5269984369', '-68.1106102685', '2024-05-27', '13:21:00', 5, 5, 0, '2024-05-27', '2024-05-27 17:24:49', '2024-05-27 17:24:49'),
(265, 2, 111, NULL, '-16.5262733312', '-68.110145063', '2024-05-27', '13:21:00', 3, 3, 0, '2024-05-27', '2024-05-27 17:24:52', '2024-05-27 17:24:52'),
(266, 2, 112, NULL, '-16.5266317296', '-68.1094031506', '2024-05-27', '13:21:00', 4, 4, 0, '2024-05-27', '2024-05-27 17:24:54', '2024-05-27 17:24:54'),
(267, 2, 113, NULL, '-16.5270828333', '-68.1092043014', '2024-05-27', '13:21:00', 2, 2, 0, '2024-05-27', '2024-05-27 17:24:56', '2024-05-27 17:24:56'),
(268, 2, 114, NULL, '-16.5275998534', '-68.1032891101', '2024-05-27', '13:21:00', 2, 2, 0, '2024-05-27', '2024-05-27 17:24:58', '2024-05-27 17:24:58'),
(269, 2, 115, NULL, '-16.5278005011', '-68.107926613', '2024-05-27', '13:21:00', 2, 2, 0, '2024-05-27', '2024-05-27 17:25:00', '2024-05-27 17:25:00'),
(270, 2, 116, NULL, '-16.5287919717', '-68.1072661168', '2024-05-27', '13:21:00', 1, 1, 0, '2024-05-27', '2024-05-27 17:25:02', '2024-05-27 17:25:02'),
(271, 2, 117, NULL, '-16.5287828649', '-68.1051390296', '2024-05-27', '13:21:00', 1, 1, 0, '2024-05-27', '2024-05-27 17:25:04', '2024-05-27 17:25:04'),
(272, 2, 118, NULL, '-16.5280673001', '-68.1069039946', '2024-05-27', '13:21:00', 3, 3, 0, '2024-05-27', '2024-05-27 17:25:06', '2024-05-27 17:25:06'),
(273, 2, 119, NULL, '-16.5297674458', '-68.1028761658', '2024-05-27', '13:21:00', 4, 4, 0, '2024-05-27', '2024-05-27 17:25:08', '2024-05-27 17:25:08'),
(274, 2, 120, NULL, '-16.5266341669', '-68.1099747409', '2024-05-27', '13:21:00', 1, 1, 0, '2024-05-27', '2024-05-27 17:25:10', '2024-05-27 17:25:10'),
(275, 2, 121, NULL, '-16.5261860163', '-68.1108669911', '2024-05-27', '13:21:00', 2, 2, 0, '2024-05-27', '2024-05-27 17:25:12', '2024-05-27 17:25:12'),
(276, 2, 122, NULL, '-16.5242804253', '-68.1091328164', '2024-05-27', '13:21:00', 2, 2, 0, '2024-05-27', '2024-05-27 17:25:14', '2024-05-27 17:25:14'),
(277, 2, 123, NULL, '-16.5220386128', '-68.1133503577', '2024-05-27', '13:21:00', 2, 2, 0, '2024-05-27', '2024-05-27 17:25:16', '2024-05-27 17:25:16'),
(278, 2, 124, NULL, '-16.5305681545', '-68.0999019593', '2024-05-27', '13:21:00', 3, 3, 0, '2024-05-27', '2024-05-27 17:25:18', '2024-05-27 17:25:18'),
(279, 2, 125, NULL, '-16.5311066847', '-68.0990186169', '2024-05-27', '13:21:00', 1, 1, 0, '2024-05-27', '2024-05-27 17:25:20', '2024-05-27 17:25:20'),
(280, 2, 126, NULL, '-16.5258024117', '-68.1057056159', '2024-05-27', '13:21:00', 1, 1, 0, '2024-05-27', '2024-05-27 17:25:22', '2024-05-27 17:25:22'),
(281, 2, 127, NULL, '-16.526431116', '-68.1047656723', '2024-05-27', '13:21:00', 2, 2, 0, '2024-05-27', '2024-05-27 17:25:24', '2024-05-27 17:25:24'),
(282, 2, 128, NULL, '-16.5249099063', '-68.1083709253', '2024-05-27', '13:21:00', 2, 2, 0, '2024-05-27', '2024-05-27 17:25:26', '2024-05-27 17:25:26'),
(283, 2, 129, NULL, '-16.5263441008', '-68.1055531946', '2024-05-27', '13:21:00', 2, 2, 0, '2024-05-27', '2024-05-27 17:25:28', '2024-05-27 17:25:28'),
(284, 2, 130, NULL, '-16.5307431085', '-68.0985517689', '2024-05-27', '13:21:00', 3, 3, 0, '2024-05-27', '2024-05-27 17:25:30', '2024-05-27 17:25:30'),
(285, 2, 131, NULL, '-16.5299342235', '-68.0996237774', '2024-05-27', '13:21:00', 4, 4, 0, '2024-05-27', '2024-05-27 17:25:32', '2024-05-27 17:25:32'),
(286, 2, 132, NULL, '-16.540127449968', '-68.090645817586', '2024-05-27', '13:21:00', 5, 5, 0, '2024-05-27', '2024-05-27 17:25:34', '2024-05-27 17:25:34'),
(287, 2, 133, NULL, '-16.541463926799', '-68.090349049322', '2024-05-27', '13:21:00', 3, 3, 0, '2024-05-27', '2024-05-27 17:25:36', '2024-05-27 17:25:36'),
(288, 2, 134, NULL, '-16.544745475085', '-68.084242295599', '2024-05-27', '13:21:00', 4, 4, 0, '2024-05-27', '2024-05-27 17:25:38', '2024-05-27 17:25:38'),
(289, 2, 135, NULL, '-16.543056023268', '-68.088561046854', '2024-05-27', '13:21:00', 1, 1, 0, '2024-05-27', '2024-05-27 17:25:40', '2024-05-27 17:25:40'),
(290, 2, 136, NULL, '-16.543632007893', '-68.087986693038', '2024-05-27', '13:21:00', 2, 2, 0, '2024-05-27', '2024-05-27 17:25:42', '2024-05-27 17:25:42'),
(291, 2, 137, NULL, '-16.528868188951', '-68.10606632748', '2024-05-27', '13:21:00', 4, 4, 0, '2024-05-27', '2024-05-27 17:25:44', '2024-05-27 17:25:44'),
(292, 2, 138, NULL, '-16.526426649091', '-68.112187131805', '2024-05-27', '13:21:00', 5, 5, 0, '2024-05-27', '2024-05-27 17:25:46', '2024-05-27 17:25:46'),
(293, 2, 139, NULL, '-16.512322883435', '-68.122211693358', '2024-05-27', '13:21:00', 3, 3, 0, '2024-05-27', '2024-05-27 17:25:48', '2024-05-27 17:25:48'),
(294, 2, 140, NULL, '-16.511980978995', '-68.122588030188', '2024-05-27', '13:21:00', 4, 4, 0, '2024-05-27', '2024-05-27 17:25:50', '2024-05-27 17:25:50'),
(295, 2, 141, NULL, '-16.513259424835', '-68.121373544774', '2024-05-27', '13:21:00', 4, 4, 0, '2024-05-27', '2024-05-27 17:25:52', '2024-05-27 17:25:52'),
(296, 2, 142, NULL, '-16.50889147426', '-68.131690575559', '2024-05-27', '13:21:00', 4, 4, 0, '2024-05-27', '2024-05-27 17:25:54', '2024-05-27 17:25:54'),
(297, 2, 143, NULL, '-16.510223742886', '-68.130363490004', '2024-05-27', '13:21:00', 4, 4, 0, '2024-05-27', '2024-05-27 17:25:56', '2024-05-27 17:25:56'),
(298, 2, 144, NULL, '-16.511048975066', '-68.131006316689', '2024-05-27', '13:21:00', 3, 3, 0, '2024-05-27', '2024-05-27 17:25:58', '2024-05-27 17:25:58'),
(299, 2, 145, NULL, '-16.510835035181', '-68.129554953953', '2024-05-27', '13:21:00', 3, 3, 0, '2024-05-27', '2024-05-27 17:26:00', '2024-05-27 17:26:00'),
(300, 2, 146, NULL, '-16.511787984621', '-68.130478303048', '2024-05-27', '13:21:00', 5, 5, 0, '2024-05-27', '2024-05-27 17:26:02', '2024-05-27 17:26:02'),
(301, 2, 147, NULL, '-16.523523398374', '-68.109661027612', '2024-05-27', '13:21:00', 4, 4, 0, '2024-05-27', '2024-05-27 17:26:04', '2024-05-27 17:26:04'),
(302, 2, 148, NULL, '-16.525673177805', '-68.105078389881', '2024-05-27', '13:21:00', 2, 2, 0, '2024-05-27', '2024-05-27 17:26:06', '2024-05-27 17:26:06'),
(303, 2, 149, NULL, '-16.540868984039', '-68.086584632259', '2024-05-27', '13:21:00', 1, 1, 0, '2024-05-27', '2024-05-27 17:26:08', '2024-05-27 17:26:08'),
(304, 2, 150, NULL, '-16.543607757603', '-68.090713852894', '2024-05-27', '13:21:00', 3, 3, 0, '2024-05-27', '2024-05-27 17:26:10', '2024-05-27 17:26:10'),
(305, 2, 151, NULL, '-16.539129061054', '-68.085571373237', '2024-05-27', '13:21:00', 2, 2, 0, '2024-05-27', '2024-05-27 17:26:12', '2024-05-27 17:26:12'),
(306, 2, 152, NULL, '-16.541382985508', '-68.088372108784', '2024-05-27', '13:21:00', 2, 2, 0, '2024-05-27', '2024-05-27 17:26:14', '2024-05-27 17:26:14'),
(307, 2, 153, NULL, '-16.541153656332', '-68.087604749943', '2024-05-27', '13:21:00', 3, 3, 0, '2024-05-27', '2024-05-27 17:26:16', '2024-05-27 17:26:16'),
(308, 2, 154, NULL, '-16.54113337819', '-68.08916983067', '2024-05-27', '13:21:00', 2, 2, 0, '2024-05-27', '2024-05-27 17:26:18', '2024-05-27 17:26:18'),
(309, 3, 1, NULL, '-16.508267', '-68.130494', '2024-05-27', '13:26:00', 2, 0, 2, '2024-05-27', '2024-05-27 17:26:57', '2024-05-27 17:26:57'),
(310, 3, 2, NULL, '-16.507622', '-68.12984', '2024-05-27', '13:26:00', 3, 0, 3, '2024-05-27', '2024-05-27 17:26:57', '2024-05-27 17:26:57'),
(311, 3, 3, NULL, '-16.506835', '-68.129097', '2024-05-27', '13:26:00', 2, 0, 2, '2024-05-27', '2024-05-27 17:26:58', '2024-05-27 17:26:58'),
(312, 3, 4, NULL, '-16.509209', '-68.129562', '2024-05-27', '13:26:00', 3, 2, 1, '2024-05-27', '2024-05-27 17:26:58', '2024-05-27 17:26:58'),
(313, 3, 5, NULL, '-16.508526', '-68.128866', '2024-05-27', '13:26:00', 2, 2, 0, '2024-05-27', '2024-05-27 17:26:59', '2024-05-27 17:26:59'),
(314, 3, 6, NULL, '-16.507742', '-68.12807', '2024-05-27', '13:26:00', 3, 3, 0, '2024-05-27', '2024-05-27 17:26:59', '2024-05-27 17:26:59'),
(315, 3, 7, NULL, '-16.508118', '-68.12769', '2024-05-27', '13:26:00', 1, 1, 0, '2024-05-27', '2024-05-27 17:27:00', '2024-05-27 17:27:00'),
(316, 3, 8, NULL, '-16.510134', '-68.12717', '2024-05-27', '13:26:00', 3, 3, 0, '2024-05-27', '2024-05-27 17:27:00', '2024-05-27 17:27:00'),
(317, 3, 9, NULL, '-16.511184', '-68.128243', '2024-05-27', '13:26:00', 1, 1, 0, '2024-05-27', '2024-05-27 17:27:01', '2024-05-27 17:27:01'),
(318, 3, 10, NULL, '-16.512043', '-68.129133', '2024-05-27', '13:26:00', 3, 3, 0, '2024-05-27', '2024-05-27 17:27:01', '2024-05-27 17:27:01'),
(319, 3, 11, NULL, '-16.512964', '-68.12865', '2024-05-27', '13:26:00', 3, 3, 0, '2024-05-27', '2024-05-27 17:27:02', '2024-05-27 17:27:02'),
(320, 3, 12, NULL, '-16.512244', '-68.127894', '2024-05-27', '13:26:00', 3, 3, 0, '2024-05-27', '2024-05-27 17:27:02', '2024-05-27 17:27:02'),
(321, 3, 13, NULL, '-16.511592', '-68.127101', '2024-05-27', '13:26:00', 3, 3, 0, '2024-05-27', '2024-05-27 17:27:03', '2024-05-27 17:27:03'),
(322, 3, 14, NULL, '-16.510971', '-68.126308', '2024-05-27', '13:26:00', 2, 2, 0, '2024-05-27', '2024-05-27 17:27:03', '2024-05-27 17:27:03'),
(323, 3, 15, NULL, '-16.51164', '-68.127966', '2024-05-27', '13:26:00', 3, 3, 0, '2024-05-27', '2024-05-27 17:27:04', '2024-05-27 17:27:04'),
(324, 3, 16, NULL, '-16.511333', '-68.127607', '2024-05-27', '13:26:00', 2, 2, 0, '2024-05-27', '2024-05-27 17:27:04', '2024-05-27 17:27:04'),
(325, 3, 17, NULL, '-16.513431', '-68.128384', '2024-05-27', '13:26:00', 3, 3, 0, '2024-05-27', '2024-05-27 17:27:05', '2024-05-27 17:27:05'),
(326, 3, 18, NULL, '-16.514061', '-68.128503', '2024-05-27', '13:26:00', 2, 2, 0, '2024-05-27', '2024-05-27 17:27:05', '2024-05-27 17:27:05'),
(327, 3, 19, NULL, '-16.514565', '-68.128348', '2024-05-27', '13:26:00', 3, 3, 0, '2024-05-27', '2024-05-27 17:27:06', '2024-05-27 17:27:06'),
(328, 3, 20, NULL, '-16.515045', '-68.128212', '2024-05-27', '13:26:00', 3, 3, 0, '2024-05-27', '2024-05-27 17:27:06', '2024-05-27 17:27:06'),
(329, 3, 21, NULL, '-16.515806', '-68.127949', '2024-05-27', '13:26:00', 4, 4, 0, '2024-05-27', '2024-05-27 17:27:07', '2024-05-27 17:27:07'),
(330, 3, 22, NULL, '-16.516413', '-68.128003', '2024-05-27', '13:26:00', 3, 3, 0, '2024-05-27', '2024-05-27 17:27:07', '2024-05-27 17:27:07'),
(331, 3, 23, NULL, '-16.514952', '-68.128802', '2024-05-27', '13:26:00', 1, 1, 0, '2024-05-27', '2024-05-27 17:27:08', '2024-05-27 17:27:08'),
(332, 3, 24, NULL, '-16.515626', '-68.128679', '2024-05-27', '13:26:00', 2, 2, 0, '2024-05-27', '2024-05-27 17:27:08', '2024-05-27 17:27:08'),
(333, 3, 25, NULL, '-16.5145', '-68.127815', '2024-05-27', '13:26:00', 4, 4, 0, '2024-05-27', '2024-05-27 17:27:09', '2024-05-27 17:27:09'),
(334, 3, 26, NULL, '-16.515529', '-68.127375', '2024-05-27', '13:26:00', 3, 3, 0, '2024-05-27', '2024-05-27 17:27:09', '2024-05-27 17:27:09'),
(335, 3, 27, NULL, '-16.515245', '-68.125973', '2024-05-27', '13:26:00', 3, 3, 0, '2024-05-27', '2024-05-27 17:27:10', '2024-05-27 17:27:10'),
(336, 3, 28, NULL, '-16.513928', '-68.126595', '2024-05-27', '13:26:00', 4, 4, 0, '2024-05-27', '2024-05-27 17:27:10', '2024-05-27 17:27:10'),
(337, 3, 29, NULL, '-16.515104', '-68.12624', '2024-05-27', '13:26:00', 4, 4, 0, '2024-05-27', '2024-05-27 17:27:11', '2024-05-27 17:27:11'),
(338, 3, 30, NULL, '-16.512214', '-68.127107', '2024-05-27', '13:26:00', 4, 4, 0, '2024-05-27', '2024-05-27 17:27:11', '2024-05-27 17:27:11'),
(339, 3, 31, NULL, '-16.51216', '-68.126581', '2024-05-27', '13:26:00', 3, 3, 0, '2024-05-27', '2024-05-27 17:27:12', '2024-05-27 17:27:12');
INSERT INTO `asignacion_detalles` (`id`, `asignacion_id`, `lugar_id`, `detalle_entrenamiento_id`, `lat`, `lng`, `fecha`, `hora`, `requerido`, `restante`, `total_personal`, `fecha_registro`, `created_at`, `updated_at`) VALUES
(340, 3, 32, NULL, '-16.51171', '-68.125527', '2024-05-27', '13:26:00', 2, 2, 0, '2024-05-27', '2024-05-27 17:27:13', '2024-05-27 17:27:13'),
(341, 3, 33, NULL, '-16.511679', '-68.126436', '2024-05-27', '13:26:00', 3, 3, 0, '2024-05-27', '2024-05-27 17:27:13', '2024-05-27 17:27:13'),
(342, 3, 34, NULL, '-16.512663', '-68.125389', '2024-05-27', '13:26:00', 3, 3, 0, '2024-05-27', '2024-05-27 17:27:14', '2024-05-27 17:27:14'),
(343, 3, 35, NULL, '-16.512294', '-68.124976', '2024-05-27', '13:26:00', 4, 4, 0, '2024-05-27', '2024-05-27 17:27:14', '2024-05-27 17:27:14'),
(344, 3, 36, NULL, '-16.511656', '-68.12422', '2024-05-27', '13:26:00', 3, 3, 0, '2024-05-27', '2024-05-27 17:27:15', '2024-05-27 17:27:15'),
(345, 3, 37, NULL, '-16.513037', '-68.123086', '2024-05-27', '13:26:00', 3, 3, 0, '2024-05-27', '2024-05-27 17:27:15', '2024-05-27 17:27:15'),
(346, 3, 38, NULL, '-16.5425514019', '-68.0909905683', '2024-05-27', '13:26:00', 3, 3, 0, '2024-05-27', '2024-05-27 17:27:16', '2024-05-27 17:27:16'),
(347, 3, 39, NULL, '-16.5410783999', '-68.0848687242', '2024-05-27', '13:26:00', 4, 4, 0, '2024-05-27', '2024-05-27 17:27:16', '2024-05-27 17:27:16'),
(348, 3, 40, NULL, '-16.5398342853', '-68.0897475643', '2024-05-27', '13:26:00', 5, 5, 0, '2024-05-27', '2024-05-27 17:27:17', '2024-05-27 17:27:17'),
(349, 3, 41, NULL, '-16.5395579666', '-68.088568102', '2024-05-27', '13:26:00', 4, 4, 0, '2024-05-27', '2024-05-27 17:27:17', '2024-05-27 17:27:17'),
(350, 3, 42, NULL, '-16.5402634697', '-68.0845445771', '2024-05-27', '13:26:00', 2, 2, 0, '2024-05-27', '2024-05-27 17:27:18', '2024-05-27 17:27:18'),
(351, 3, 43, NULL, '-16.5414441832', '-68.0858322309', '2024-05-27', '13:26:00', 4, 4, 0, '2024-05-27', '2024-05-27 17:27:18', '2024-05-27 17:27:18'),
(352, 3, 44, NULL, '-16.5424423908', '-68.0867271672', '2024-05-27', '13:26:00', 2, 2, 0, '2024-05-27', '2024-05-27 17:27:19', '2024-05-27 17:27:19'),
(353, 3, 45, NULL, '-16.5422585369', '-68.0860251909', '2024-05-27', '13:26:00', 2, 2, 0, '2024-05-27', '2024-05-27 17:27:19', '2024-05-27 17:27:19'),
(354, 3, 46, NULL, '-16.5419837997', '-68.0852111898', '2024-05-27', '13:26:00', 3, 3, 0, '2024-05-27', '2024-05-27 17:27:20', '2024-05-27 17:27:20'),
(355, 3, 47, NULL, '-16.5416178077', '-68.0842008268', '2024-05-27', '13:26:00', 4, 4, 0, '2024-05-27', '2024-05-27 17:27:20', '2024-05-27 17:27:20'),
(356, 3, 48, NULL, '-16.5407124065', '-68.0838583665', '2024-05-27', '13:26:00', 4, 4, 0, '2024-05-27', '2024-05-27 17:27:21', '2024-05-27 17:27:21'),
(357, 3, 49, NULL, '-16.5407115834', '-68.0836709476', '2024-05-27', '13:26:00', 4, 4, 0, '2024-05-27', '2024-05-27 17:27:21', '2024-05-27 17:27:21'),
(358, 3, 50, NULL, '-16.5417199025', '-68.0868711348', '2024-05-27', '13:26:00', 5, 5, 0, '2024-05-27', '2024-05-27 17:27:22', '2024-05-27 17:27:22'),
(359, 3, 51, NULL, '-16.5405467042', '-68.0872983554', '2024-05-27', '13:26:00', 1, 1, 0, '2024-05-27', '2024-05-27 17:27:22', '2024-05-27 17:27:22'),
(360, 3, 52, NULL, '-16.540821679', '-68.0881685797', '2024-05-27', '13:26:00', 2, 2, 0, '2024-05-27', '2024-05-27 17:27:23', '2024-05-27 17:27:23'),
(361, 3, 53, NULL, '-16.5446995856', '-68.0861448932', '2024-05-27', '13:26:00', 5, 5, 0, '2024-05-27', '2024-05-27 17:27:23', '2024-05-27 17:27:23'),
(362, 3, 54, NULL, '-16.5432557182', '-68.0866858548', '2024-05-27', '13:26:00', 2, 2, 0, '2024-05-27', '2024-05-27 17:27:24', '2024-05-27 17:27:24'),
(363, 3, 55, NULL, '-16.5429787652', '-68.0853658114', '2024-05-27', '13:26:00', 4, 4, 0, '2024-05-27', '2024-05-27 17:27:24', '2024-05-27 17:27:24'),
(364, 3, 56, NULL, '-16.5444231221', '-68.0849372945', '2024-05-27', '13:26:00', 2, 2, 0, '2024-05-27', '2024-05-27 17:27:25', '2024-05-27 17:27:25'),
(365, 3, 57, NULL, '-16.545235544', '-68.0846898081', '2024-05-27', '13:26:00', 2, 2, 0, '2024-05-27', '2024-05-27 17:27:25', '2024-05-27 17:27:25'),
(366, 3, 58, NULL, '-16.5420665782', '-68.0834771265', '2024-05-27', '13:26:00', 4, 4, 0, '2024-05-27', '2024-05-27 17:27:26', '2024-05-27 17:27:26'),
(367, 3, 59, NULL, '-16.5432408381', '-68.0832935271', '2024-05-27', '13:26:00', 4, 4, 0, '2024-05-27', '2024-05-27 17:27:26', '2024-05-27 17:27:26'),
(368, 3, 60, NULL, '-16.5396282043', '-68.0839665656', '2024-05-27', '13:26:00', 5, 5, 0, '2024-05-27', '2024-05-27 17:27:27', '2024-05-27 17:27:27'),
(369, 3, 61, NULL, '-16.5388157415', '-68.0842046758', '2024-05-27', '13:26:00', 3, 3, 0, '2024-05-27', '2024-05-27 17:27:27', '2024-05-27 17:27:27'),
(370, 3, 62, NULL, '-16.5416485828', '-68.0912384479', '2024-05-27', '13:26:00', 2, 2, 0, '2024-05-27', '2024-05-27 17:27:28', '2024-05-27 17:27:28'),
(371, 3, 63, NULL, '-16.5399952243', '-68.0852111908', '2024-05-27', '13:26:00', 2, 2, 0, '2024-05-27', '2024-05-27 17:27:28', '2024-05-27 17:27:28'),
(372, 3, 64, NULL, '-16.5448685606', '-68.0834545221', '2024-05-27', '13:26:00', 3, 3, 0, '2024-05-27', '2024-05-27 17:27:29', '2024-05-27 17:27:29'),
(373, 3, 65, NULL, '-16.5406296241', '-68.0855924177', '2024-05-27', '13:26:00', 4, 4, 0, '2024-05-27', '2024-05-27 17:27:29', '2024-05-27 17:27:29'),
(374, 3, 66, NULL, '-16.5426075877', '-68.0831746923', '2024-05-27', '13:26:00', 3, 3, 0, '2024-05-27', '2024-05-27 17:27:30', '2024-05-27 17:27:30'),
(375, 3, 67, NULL, '-16.5436012774', '-68.0830388', '2024-05-27', '13:26:00', 3, 3, 0, '2024-05-27', '2024-05-27 17:27:30', '2024-05-27 17:27:30'),
(376, 3, 68, NULL, '-16.5421876849', '-68.0904955968', '2024-05-27', '13:26:00', 3, 3, 0, '2024-05-27', '2024-05-27 17:27:31', '2024-05-27 17:27:31'),
(377, 3, 69, NULL, '-16.5425405661', '-68.0885072402', '2024-05-27', '13:26:00', 3, 3, 0, '2024-05-27', '2024-05-27 17:27:31', '2024-05-27 17:27:31'),
(378, 3, 70, NULL, '-16.5429001931', '-68.0880651022', '2024-05-27', '13:26:00', 3, 3, 0, '2024-05-27', '2024-05-27 17:27:32', '2024-05-27 17:27:32'),
(379, 3, 71, NULL, '-16.543443545', '-68.088296831', '2024-05-27', '13:26:00', 3, 3, 0, '2024-05-27', '2024-05-27 17:27:32', '2024-05-27 17:27:32'),
(380, 3, 72, NULL, '-16.5446147365', '-68.087410423', '2024-05-27', '13:26:00', 5, 5, 0, '2024-05-27', '2024-05-27 17:27:33', '2024-05-27 17:27:33'),
(381, 3, 73, NULL, '-16.5434345652', '-68.0862445631', '2024-05-27', '13:26:00', 3, 3, 0, '2024-05-27', '2024-05-27 17:27:33', '2024-05-27 17:27:33'),
(382, 3, 74, NULL, '-16.5445177832', '-68.0859114662', '2024-05-27', '13:26:00', 4, 4, 0, '2024-05-27', '2024-05-27 17:27:34', '2024-05-27 17:27:34'),
(383, 3, 75, NULL, '-16.5444251771', '-68.085405851', '2024-05-27', '13:26:00', 4, 4, 0, '2024-05-27', '2024-05-27 17:27:34', '2024-05-27 17:27:34'),
(384, 3, 76, NULL, '-16.5433418779', '-68.0857202083', '2024-05-27', '13:26:00', 3, 3, 0, '2024-05-27', '2024-05-27 17:27:35', '2024-05-27 17:27:35'),
(385, 3, 77, NULL, '-16.5399310869', '-68.0912183757', '2024-05-27', '13:26:00', 3, 3, 0, '2024-05-27', '2024-05-27 17:27:36', '2024-05-27 17:27:36'),
(386, 3, 78, NULL, '-16.5243837841', '-68.1121777257', '2024-05-27', '13:26:00', 3, 3, 0, '2024-05-27', '2024-05-27 17:27:36', '2024-05-27 17:27:36'),
(387, 3, 79, NULL, '-16.5237493893', '-68.1117870683', '2024-05-27', '13:26:00', 3, 3, 0, '2024-05-27', '2024-05-27 17:27:37', '2024-05-27 17:27:37'),
(388, 3, 80, NULL, '-16.5241977442', '-68.1109416826', '2024-05-27', '13:26:00', 4, 4, 0, '2024-05-27', '2024-05-27 17:27:37', '2024-05-27 17:27:37'),
(389, 3, 81, NULL, '-16.5248320606', '-68.1113135975', '2024-05-27', '13:26:00', 4, 4, 0, '2024-05-27', '2024-05-27 17:27:38', '2024-05-27 17:27:38'),
(390, 3, 82, NULL, '-16.5250052932', '-68.1095417921', '2024-05-27', '13:26:00', 2, 2, 0, '2024-05-27', '2024-05-27 17:27:38', '2024-05-27 17:27:38'),
(391, 3, 83, NULL, '-16.5260879585', '-68.1090683057', '2024-05-27', '13:26:00', 3, 3, 0, '2024-05-27', '2024-05-27 17:27:39', '2024-05-27 17:27:39'),
(392, 3, 84, NULL, '-16.5254536784', '-68.1087057664', '2024-05-27', '13:26:00', 4, 4, 0, '2024-05-27', '2024-05-27 17:27:39', '2024-05-27 17:27:39'),
(393, 3, 85, NULL, '-16.5259023802', '-68.1079446993', '2024-05-27', '13:26:00', 3, 3, 0, '2024-05-27', '2024-05-27 17:27:40', '2024-05-27 17:27:40'),
(394, 3, 86, NULL, '-16.5267155175', '-68.107856631', '2024-05-27', '13:26:00', 3, 3, 0, '2024-05-27', '2024-05-27 17:27:40', '2024-05-27 17:27:40'),
(395, 3, 87, NULL, '-16.526171664', '-68.1075030498', '2024-05-27', '13:26:00', 3, 3, 0, '2024-05-27', '2024-05-27 17:27:41', '2024-05-27 17:27:41'),
(396, 3, 88, NULL, '-16.5269789076', '-68.1060375392', '2024-05-27', '13:26:00', 4, 4, 0, '2024-05-27', '2024-05-27 17:27:41', '2024-05-27 17:27:41'),
(397, 3, 89, NULL, '-16.5276131118', '-68.1063813314', '2024-05-27', '13:26:00', 2, 2, 0, '2024-05-27', '2024-05-27 17:27:42', '2024-05-27 17:27:42'),
(398, 3, 90, NULL, '-16.5280614432', '-68.1055359171', '2024-05-27', '13:26:00', 3, 3, 0, '2024-05-27', '2024-05-27 17:27:42', '2024-05-27 17:27:42'),
(399, 3, 91, NULL, '-16.5274271574', '-68.1051733863', '2024-05-27', '13:26:00', 5, 5, 0, '2024-05-27', '2024-05-27 17:27:43', '2024-05-27 17:27:43'),
(400, 3, 92, NULL, '-16.5277858991', '-68.1045157946', '2024-05-27', '13:26:00', 2, 2, 0, '2024-05-27', '2024-05-27 17:27:43', '2024-05-27 17:27:43'),
(401, 3, 93, NULL, '-16.5284202261', '-68.1048876942', '2024-05-27', '13:26:00', 3, 3, 0, '2024-05-27', '2024-05-27 17:27:44', '2024-05-27 17:27:44'),
(402, 3, 94, NULL, '-16.5288685108', '-68.1040329027', '2024-05-27', '13:26:00', 4, 4, 0, '2024-05-27', '2024-05-27 17:27:44', '2024-05-27 17:27:44'),
(403, 3, 95, NULL, '-16.5282342227', '-68.1036703756', '2024-05-27', '13:26:00', 3, 3, 0, '2024-05-27', '2024-05-27 17:27:45', '2024-05-27 17:27:45'),
(404, 3, 96, NULL, '-16.5291368199', '-68.1033663508', '2024-05-27', '13:26:00', 2, 2, 0, '2024-05-27', '2024-05-27 17:27:45', '2024-05-27 17:27:45'),
(405, 3, 97, NULL, '-16.5285929996', '-68.1030221489', '2024-05-27', '13:26:00', 3, 3, 0, '2024-05-27', '2024-05-27 17:27:46', '2024-05-27 17:27:46'),
(406, 3, 98, NULL, '-16.5239347475', '-68.112863816', '2024-05-27', '13:26:00', 3, 3, 0, '2024-05-27', '2024-05-27 17:27:46', '2024-05-27 17:27:46'),
(407, 3, 99, NULL, '-16.5233910613', '-68.1125477057', '2024-05-27', '13:26:00', 2, 2, 0, '2024-05-27', '2024-05-27 17:27:47', '2024-05-27 17:27:47'),
(408, 3, 100, NULL, '-16.5264467132', '-68.1084107251', '2024-05-27', '13:26:00', 2, 2, 0, '2024-05-27', '2024-05-27 17:27:47', '2024-05-27 17:27:47'),
(409, 3, 101, NULL, '-16.5271639754', '-68.1070393349', '2024-05-27', '13:26:00', 1, 1, 0, '2024-05-27', '2024-05-27 17:27:48', '2024-05-27 17:27:48'),
(410, 3, 102, NULL, '-16.5229470731', '-68.1144238027', '2024-05-27', '13:26:00', 1, 1, 0, '2024-05-27', '2024-05-27 17:27:48', '2024-05-27 17:27:48'),
(411, 3, 103, NULL, '-16.5244762042', '-68.1126551947', '2024-05-27', '13:26:00', 3, 3, 0, '2024-05-27', '2024-05-27 17:27:49', '2024-05-27 17:27:49'),
(412, 3, 104, NULL, '-16.5269885247', '-68.1082864217', '2024-05-27', '13:26:00', 3, 3, 0, '2024-05-27', '2024-05-27 17:27:49', '2024-05-27 17:27:49'),
(413, 3, 105, NULL, '-16.5246466544', '-68.1102274764', '2024-05-27', '13:26:00', 1, 1, 0, '2024-05-27', '2024-05-27 17:27:50', '2024-05-27 17:27:50'),
(414, 3, 106, NULL, '-16.5270807538', '-68.108717043', '2024-05-27', '13:26:00', 3, 3, 0, '2024-05-27', '2024-05-27 17:27:50', '2024-05-27 17:27:50'),
(415, 3, 107, NULL, '-16.521589532', '-68.1140270669', '2024-05-27', '13:26:00', 3, 3, 0, '2024-05-27', '2024-05-27 17:27:51', '2024-05-27 17:27:51'),
(416, 3, 108, NULL, '-16.5226745156', '-68.1140970831', '2024-05-27', '13:26:00', 1, 1, 0, '2024-05-27', '2024-05-27 17:27:51', '2024-05-27 17:27:51'),
(417, 3, 109, NULL, '-16.5220398061', '-68.1136314614', '2024-05-27', '13:26:00', 1, 1, 0, '2024-05-27', '2024-05-27 17:27:52', '2024-05-27 17:27:52'),
(418, 3, 110, NULL, '-16.5269984369', '-68.1106102685', '2024-05-27', '13:26:00', 5, 5, 0, '2024-05-27', '2024-05-27 17:27:52', '2024-05-27 17:27:52'),
(419, 3, 111, NULL, '-16.5262733312', '-68.110145063', '2024-05-27', '13:26:00', 3, 3, 0, '2024-05-27', '2024-05-27 17:27:53', '2024-05-27 17:27:53'),
(420, 3, 112, NULL, '-16.5266317296', '-68.1094031506', '2024-05-27', '13:26:00', 4, 4, 0, '2024-05-27', '2024-05-27 17:27:53', '2024-05-27 17:27:53'),
(421, 3, 113, NULL, '-16.5270828333', '-68.1092043014', '2024-05-27', '13:26:00', 2, 2, 0, '2024-05-27', '2024-05-27 17:27:54', '2024-05-27 17:27:54'),
(422, 3, 114, NULL, '-16.5275998534', '-68.1032891101', '2024-05-27', '13:26:00', 2, 2, 0, '2024-05-27', '2024-05-27 17:27:54', '2024-05-27 17:27:54'),
(423, 3, 115, NULL, '-16.5278005011', '-68.107926613', '2024-05-27', '13:26:00', 2, 2, 0, '2024-05-27', '2024-05-27 17:27:55', '2024-05-27 17:27:55'),
(424, 3, 116, NULL, '-16.5287919717', '-68.1072661168', '2024-05-27', '13:26:00', 1, 1, 0, '2024-05-27', '2024-05-27 17:27:55', '2024-05-27 17:27:55'),
(425, 3, 117, NULL, '-16.5287828649', '-68.1051390296', '2024-05-27', '13:26:00', 1, 1, 0, '2024-05-27', '2024-05-27 17:27:56', '2024-05-27 17:27:56'),
(426, 3, 118, NULL, '-16.5280673001', '-68.1069039946', '2024-05-27', '13:26:00', 3, 3, 0, '2024-05-27', '2024-05-27 17:27:57', '2024-05-27 17:27:57'),
(427, 3, 119, NULL, '-16.5297674458', '-68.1028761658', '2024-05-27', '13:26:00', 4, 4, 0, '2024-05-27', '2024-05-27 17:27:57', '2024-05-27 17:27:57'),
(428, 3, 120, NULL, '-16.5266341669', '-68.1099747409', '2024-05-27', '13:26:00', 1, 1, 0, '2024-05-27', '2024-05-27 17:27:58', '2024-05-27 17:27:58'),
(429, 3, 121, NULL, '-16.5261860163', '-68.1108669911', '2024-05-27', '13:26:00', 2, 2, 0, '2024-05-27', '2024-05-27 17:27:58', '2024-05-27 17:27:58'),
(430, 3, 122, NULL, '-16.5242804253', '-68.1091328164', '2024-05-27', '13:26:00', 2, 2, 0, '2024-05-27', '2024-05-27 17:27:59', '2024-05-27 17:27:59'),
(431, 3, 123, NULL, '-16.5220386128', '-68.1133503577', '2024-05-27', '13:26:00', 2, 2, 0, '2024-05-27', '2024-05-27 17:27:59', '2024-05-27 17:27:59'),
(432, 3, 124, NULL, '-16.5305681545', '-68.0999019593', '2024-05-27', '13:26:00', 3, 3, 0, '2024-05-27', '2024-05-27 17:28:00', '2024-05-27 17:28:00'),
(433, 3, 125, NULL, '-16.5311066847', '-68.0990186169', '2024-05-27', '13:26:00', 1, 1, 0, '2024-05-27', '2024-05-27 17:28:00', '2024-05-27 17:28:00'),
(434, 3, 126, NULL, '-16.5258024117', '-68.1057056159', '2024-05-27', '13:26:00', 1, 1, 0, '2024-05-27', '2024-05-27 17:28:01', '2024-05-27 17:28:01'),
(435, 3, 127, NULL, '-16.526431116', '-68.1047656723', '2024-05-27', '13:26:00', 2, 2, 0, '2024-05-27', '2024-05-27 17:28:01', '2024-05-27 17:28:01'),
(436, 3, 128, NULL, '-16.5249099063', '-68.1083709253', '2024-05-27', '13:26:00', 2, 2, 0, '2024-05-27', '2024-05-27 17:28:02', '2024-05-27 17:28:02'),
(437, 3, 129, NULL, '-16.5263441008', '-68.1055531946', '2024-05-27', '13:26:00', 2, 2, 0, '2024-05-27', '2024-05-27 17:28:02', '2024-05-27 17:28:02'),
(438, 3, 130, NULL, '-16.5307431085', '-68.0985517689', '2024-05-27', '13:26:00', 3, 3, 0, '2024-05-27', '2024-05-27 17:28:03', '2024-05-27 17:28:03'),
(439, 3, 131, NULL, '-16.5299342235', '-68.0996237774', '2024-05-27', '13:26:00', 4, 4, 0, '2024-05-27', '2024-05-27 17:28:03', '2024-05-27 17:28:03'),
(440, 3, 132, NULL, '-16.540127449968', '-68.090645817586', '2024-05-27', '13:26:00', 5, 5, 0, '2024-05-27', '2024-05-27 17:28:04', '2024-05-27 17:28:04'),
(441, 3, 133, NULL, '-16.541463926799', '-68.090349049322', '2024-05-27', '13:26:00', 3, 3, 0, '2024-05-27', '2024-05-27 17:28:04', '2024-05-27 17:28:04'),
(442, 3, 134, NULL, '-16.544745475085', '-68.084242295599', '2024-05-27', '13:26:00', 4, 4, 0, '2024-05-27', '2024-05-27 17:28:05', '2024-05-27 17:28:05'),
(443, 3, 135, NULL, '-16.543056023268', '-68.088561046854', '2024-05-27', '13:26:00', 1, 1, 0, '2024-05-27', '2024-05-27 17:28:05', '2024-05-27 17:28:05'),
(444, 3, 136, NULL, '-16.543632007893', '-68.087986693038', '2024-05-27', '13:26:00', 2, 2, 0, '2024-05-27', '2024-05-27 17:28:06', '2024-05-27 17:28:06'),
(445, 3, 137, NULL, '-16.528868188951', '-68.10606632748', '2024-05-27', '13:26:00', 4, 4, 0, '2024-05-27', '2024-05-27 17:28:06', '2024-05-27 17:28:06'),
(446, 3, 138, NULL, '-16.526426649091', '-68.112187131805', '2024-05-27', '13:26:00', 5, 5, 0, '2024-05-27', '2024-05-27 17:28:07', '2024-05-27 17:28:07'),
(447, 3, 139, NULL, '-16.512322883435', '-68.122211693358', '2024-05-27', '13:26:00', 3, 3, 0, '2024-05-27', '2024-05-27 17:28:07', '2024-05-27 17:28:07'),
(448, 3, 140, NULL, '-16.511980978995', '-68.122588030188', '2024-05-27', '13:26:00', 4, 4, 0, '2024-05-27', '2024-05-27 17:28:08', '2024-05-27 17:28:08'),
(449, 3, 141, NULL, '-16.513259424835', '-68.121373544774', '2024-05-27', '13:26:00', 4, 4, 0, '2024-05-27', '2024-05-27 17:28:08', '2024-05-27 17:28:08'),
(450, 3, 142, NULL, '-16.50889147426', '-68.131690575559', '2024-05-27', '13:26:00', 4, 4, 0, '2024-05-27', '2024-05-27 17:28:09', '2024-05-27 17:28:09'),
(451, 3, 143, NULL, '-16.510223742886', '-68.130363490004', '2024-05-27', '13:26:00', 4, 4, 0, '2024-05-27', '2024-05-27 17:28:09', '2024-05-27 17:28:09'),
(452, 3, 144, NULL, '-16.511048975066', '-68.131006316689', '2024-05-27', '13:26:00', 3, 3, 0, '2024-05-27', '2024-05-27 17:28:10', '2024-05-27 17:28:10'),
(453, 3, 145, NULL, '-16.510835035181', '-68.129554953953', '2024-05-27', '13:26:00', 3, 3, 0, '2024-05-27', '2024-05-27 17:28:10', '2024-05-27 17:28:10'),
(454, 3, 146, NULL, '-16.511787984621', '-68.130478303048', '2024-05-27', '13:26:00', 5, 5, 0, '2024-05-27', '2024-05-27 17:28:11', '2024-05-27 17:28:11'),
(455, 3, 147, NULL, '-16.523523398374', '-68.109661027612', '2024-05-27', '13:26:00', 4, 4, 0, '2024-05-27', '2024-05-27 17:28:11', '2024-05-27 17:28:11'),
(456, 3, 148, NULL, '-16.525673177805', '-68.105078389881', '2024-05-27', '13:26:00', 2, 2, 0, '2024-05-27', '2024-05-27 17:28:12', '2024-05-27 17:28:12'),
(457, 3, 149, NULL, '-16.540868984039', '-68.086584632259', '2024-05-27', '13:26:00', 1, 1, 0, '2024-05-27', '2024-05-27 17:28:12', '2024-05-27 17:28:12'),
(458, 3, 150, NULL, '-16.543607757603', '-68.090713852894', '2024-05-27', '13:26:00', 3, 3, 0, '2024-05-27', '2024-05-27 17:28:13', '2024-05-27 17:28:13'),
(459, 3, 151, NULL, '-16.539129061054', '-68.085571373237', '2024-05-27', '13:26:00', 2, 2, 0, '2024-05-27', '2024-05-27 17:28:13', '2024-05-27 17:28:13'),
(460, 3, 152, NULL, '-16.541382985508', '-68.088372108784', '2024-05-27', '13:26:00', 2, 2, 0, '2024-05-27', '2024-05-27 17:28:14', '2024-05-27 17:28:14'),
(461, 3, 153, NULL, '-16.541153656332', '-68.087604749943', '2024-05-27', '13:26:00', 3, 3, 0, '2024-05-27', '2024-05-27 17:28:14', '2024-05-27 17:28:14'),
(462, 3, 154, NULL, '-16.54113337819', '-68.08916983067', '2024-05-27', '13:26:00', 2, 2, 0, '2024-05-27', '2024-05-27 17:28:15', '2024-05-27 17:28:15');

-- --------------------------------------------------------

--
-- Estructura de tabla para la tabla `asignacion_personals`
--

CREATE TABLE `asignacion_personals` (
  `id` bigint UNSIGNED NOT NULL,
  `asignacion_detalle_id` bigint UNSIGNED NOT NULL,
  `personal_id` bigint UNSIGNED NOT NULL,
  `created_at` timestamp NULL DEFAULT NULL,
  `updated_at` timestamp NULL DEFAULT NULL
) ENGINE=InnoDB DEFAULT CHARSET=utf8mb4 COLLATE=utf8mb4_unicode_ci;

--
-- Volcado de datos para la tabla `asignacion_personals`
--

INSERT INTO `asignacion_personals` (`id`, `asignacion_detalle_id`, `personal_id`, `created_at`, `updated_at`) VALUES
(1, 1, 2, '2024-05-27 17:19:24', '2024-05-27 17:19:24'),
(2, 1, 7, '2024-05-27 17:19:24', '2024-05-27 17:19:24'),
(3, 2, 1, '2024-05-27 17:19:24', '2024-05-27 17:19:24'),
(4, 2, 3, '2024-05-27 17:19:24', '2024-05-27 17:19:24'),
(5, 2, 6, '2024-05-27 17:19:24', '2024-05-27 17:19:24'),
(6, 3, 4, '2024-05-27 17:19:24', '2024-05-27 17:19:24'),
(7, 3, 5, '2024-05-27 17:19:24', '2024-05-27 17:19:24'),
(8, 155, 3, '2024-05-27 17:21:11', '2024-05-27 17:21:11'),
(9, 155, 8, '2024-05-27 17:21:11', '2024-05-27 17:21:11'),
(10, 156, 1, '2024-05-27 17:21:13', '2024-05-27 17:21:13'),
(11, 156, 6, '2024-05-27 17:21:13', '2024-05-27 17:21:13'),
(12, 156, 7, '2024-05-27 17:21:13', '2024-05-27 17:21:13'),
(13, 157, 4, '2024-05-27 17:21:15', '2024-05-27 17:21:15'),
(14, 157, 5, '2024-05-27 17:21:15', '2024-05-27 17:21:15'),
(15, 158, 2, '2024-05-27 17:21:17', '2024-05-27 17:21:17'),
(16, 309, 2, '2024-05-27 17:26:57', '2024-05-27 17:26:57'),
(17, 309, 6, '2024-05-27 17:26:57', '2024-05-27 17:26:57'),
(18, 310, 4, '2024-05-27 17:26:57', '2024-05-27 17:26:57'),
(19, 310, 7, '2024-05-27 17:26:57', '2024-05-27 17:26:57'),
(20, 310, 8, '2024-05-27 17:26:57', '2024-05-27 17:26:57'),
(21, 311, 1, '2024-05-27 17:26:58', '2024-05-27 17:26:58'),
(22, 311, 3, '2024-05-27 17:26:58', '2024-05-27 17:26:58'),
(23, 312, 5, '2024-05-27 17:26:58', '2024-05-27 17:26:58');

-- --------------------------------------------------------

--
-- Estructura de tabla para la tabla `configuracions`
--

CREATE TABLE `configuracions` (
  `id` bigint UNSIGNED NOT NULL,
  `nombre_sistema` varchar(255) COLLATE utf8mb4_unicode_ci NOT NULL,
  `alias` varchar(255) COLLATE utf8mb4_unicode_ci DEFAULT NULL,
  `razon_social` varchar(255) COLLATE utf8mb4_unicode_ci NOT NULL,
  `ciudad` varchar(255) COLLATE utf8mb4_unicode_ci DEFAULT NULL,
  `dir` varchar(255) COLLATE utf8mb4_unicode_ci DEFAULT NULL,
  `fono` varchar(255) COLLATE utf8mb4_unicode_ci DEFAULT NULL,
  `correo` varchar(255) COLLATE utf8mb4_unicode_ci DEFAULT NULL,
  `web` varchar(255) COLLATE utf8mb4_unicode_ci DEFAULT NULL,
  `actividad` varchar(255) COLLATE utf8mb4_unicode_ci NOT NULL,
  `logo` varchar(255) COLLATE utf8mb4_unicode_ci DEFAULT NULL,
  `created_at` timestamp NULL DEFAULT NULL,
  `updated_at` timestamp NULL DEFAULT NULL
) ENGINE=InnoDB DEFAULT CHARSET=utf8mb4 COLLATE=utf8mb4_unicode_ci;

--
-- Volcado de datos para la tabla `configuracions`
--

INSERT INTO `configuracions` (`id`, `nombre_sistema`, `alias`, `razon_social`, `ciudad`, `dir`, `fono`, `correo`, `web`, `actividad`, `logo`, `created_at`, `updated_at`) VALUES
(1, 'DISPER', 'DP', 'DISPER S.A.', 'LA PAZ', 'LOS OLIVOS', '777777', 'DISPER@GMAIL.COM', 'DISPER.COM', 'ACTIVIDAD', 'logo.webp', '2024-05-17 20:59:00', '2024-05-27 14:36:04');

-- --------------------------------------------------------

--
-- Estructura de tabla para la tabla `detalle_entrenamientos`
--

CREATE TABLE `detalle_entrenamientos` (
  `id` bigint UNSIGNED NOT NULL,
  `entrenamiento_id` bigint UNSIGNED NOT NULL,
  `lugar_id` bigint UNSIGNED NOT NULL,
  `ocupados` int NOT NULL,
  `fecha` date NOT NULL,
  `hora` time NOT NULL,
  `created_at` timestamp NULL DEFAULT NULL,
  `updated_at` timestamp NULL DEFAULT NULL
) ENGINE=InnoDB DEFAULT CHARSET=utf8mb4 COLLATE=utf8mb4_unicode_ci;

--
-- Volcado de datos para la tabla `detalle_entrenamientos`
--

INSERT INTO `detalle_entrenamientos` (`id`, `entrenamiento_id`, `lugar_id`, `ocupados`, `fecha`, `hora`, `created_at`, `updated_at`) VALUES
(1, 1, 1, 10, '2017-09-06', '22:34:00', '2024-05-27 17:18:47', '2024-05-27 17:18:47'),
(2, 1, 2, 15, '2017-09-06', '22:34:00', '2024-05-27 17:18:47', '2024-05-27 17:18:47'),
(3, 1, 3, 12, '2017-09-06', '22:34:00', '2024-05-27 17:18:47', '2024-05-27 17:18:47'),
(4, 1, 4, 12, '2017-09-06', '22:34:00', '2024-05-27 17:18:47', '2024-05-27 17:18:47'),
(5, 1, 5, 10, '2017-09-06', '22:34:00', '2024-05-27 17:18:47', '2024-05-27 17:18:47'),
(6, 1, 6, 15, '2017-09-06', '22:34:00', '2024-05-27 17:18:47', '2024-05-27 17:18:47'),
(7, 1, 7, 29, '2017-09-06', '22:34:00', '2024-05-27 17:18:47', '2024-05-27 17:18:47'),
(8, 1, 8, 15, '2017-09-06', '22:34:00', '2024-05-27 17:18:47', '2024-05-27 17:18:47'),
(9, 1, 9, 30, '2017-09-06', '22:34:00', '2024-05-27 17:18:47', '2024-05-27 17:18:47'),
(10, 1, 10, 12, '2017-09-06', '22:34:00', '2024-05-27 17:18:47', '2024-05-27 17:18:47'),
(11, 1, 11, 11, '2017-09-06', '22:34:00', '2024-05-27 17:18:47', '2024-05-27 17:18:47'),
(12, 1, 12, 12, '2017-09-06', '22:34:00', '2024-05-27 17:18:47', '2024-05-27 17:18:47'),
(13, 1, 13, 12, '2017-09-06', '22:34:00', '2024-05-27 17:18:47', '2024-05-27 17:18:47'),
(14, 1, 14, 6, '2017-09-06', '22:34:00', '2024-05-27 17:18:47', '2024-05-27 17:18:47'),
(15, 1, 15, 15, '2017-09-06', '22:34:00', '2024-05-27 17:18:47', '2024-05-27 17:18:47'),
(16, 1, 16, 9, '2017-09-06', '22:34:00', '2024-05-27 17:18:47', '2024-05-27 17:18:47'),
(17, 1, 17, 12, '2017-11-03', '18:45:00', '2024-05-27 17:18:47', '2024-05-27 17:18:47'),
(18, 1, 18, 8, '2017-11-03', '18:45:00', '2024-05-27 17:18:47', '2024-05-27 17:18:47'),
(19, 1, 19, 10, '2017-11-03', '18:45:00', '2024-05-27 17:18:47', '2024-05-27 17:18:47'),
(20, 1, 20, 14, '2017-11-03', '18:45:00', '2024-05-27 17:18:47', '2024-05-27 17:18:47'),
(21, 1, 21, 19, '2017-11-03', '18:45:00', '2024-05-27 17:18:47', '2024-05-27 17:18:47'),
(22, 1, 22, 14, '2017-11-03', '18:45:00', '2024-05-27 17:18:47', '2024-05-27 17:18:47'),
(23, 1, 23, 5, '2017-11-03', '18:45:00', '2024-05-27 17:18:47', '2024-05-27 17:18:47'),
(24, 1, 24, 9, '2017-11-03', '18:45:00', '2024-05-27 17:18:47', '2024-05-27 17:18:47'),
(25, 1, 25, 18, '2017-11-03', '18:45:00', '2024-05-27 17:18:47', '2024-05-27 17:18:47'),
(26, 1, 26, 12, '2017-11-03', '18:45:00', '2024-05-27 17:18:47', '2024-05-27 17:18:47'),
(27, 1, 27, 12, '2017-11-03', '18:45:00', '2024-05-27 17:18:47', '2024-05-27 17:18:47'),
(28, 1, 28, 17, '2017-11-03', '18:45:00', '2024-05-27 17:18:47', '2024-05-27 17:18:47'),
(29, 1, 29, 16, '2017-11-03', '18:45:00', '2024-05-27 17:18:47', '2024-05-27 17:18:47'),
(30, 1, 30, 20, '2017-11-03', '18:45:00', '2024-05-27 17:18:47', '2024-05-27 17:18:47'),
(31, 1, 31, 14, '2017-11-03', '18:45:00', '2024-05-27 17:18:47', '2024-05-27 17:18:47'),
(32, 1, 32, 9, '2017-11-03', '18:45:00', '2024-05-27 17:18:47', '2024-05-27 17:18:47'),
(33, 1, 33, 14, '2017-11-03', '18:45:00', '2024-05-27 17:18:47', '2024-05-27 17:18:47'),
(34, 1, 34, 15, '2017-11-03', '18:45:00', '2024-05-27 17:18:47', '2024-05-27 17:18:47'),
(35, 1, 35, 16, '2017-11-03', '18:45:00', '2024-05-27 17:18:47', '2024-05-27 17:18:47'),
(36, 1, 36, 13, '2017-11-03', '18:45:00', '2024-05-27 17:18:47', '2024-05-27 17:18:47'),
(37, 1, 37, 12, '2017-11-03', '18:45:00', '2024-05-27 17:18:47', '2024-05-27 17:18:47'),
(38, 1, 38, 13, '2018-09-21', '19:33:00', '2024-05-27 17:18:47', '2024-05-27 17:18:47'),
(39, 1, 39, 18, '2018-09-21', '19:33:00', '2024-05-27 17:18:47', '2024-05-27 17:18:47'),
(40, 1, 40, 21, '2018-09-21', '19:33:00', '2024-05-27 17:18:47', '2024-05-27 17:18:47'),
(41, 1, 41, 18, '2018-09-21', '19:33:00', '2024-05-27 17:18:47', '2024-05-27 17:18:47'),
(42, 1, 42, 10, '2018-09-21', '19:33:00', '2024-05-27 17:18:47', '2024-05-27 17:18:47'),
(43, 1, 43, 19, '2018-09-21', '19:33:00', '2024-05-27 17:18:47', '2024-05-27 17:18:47'),
(44, 1, 44, 8, '2018-09-21', '19:33:00', '2024-05-27 17:18:47', '2024-05-27 17:18:47'),
(45, 1, 45, 6, '2018-09-21', '19:33:00', '2024-05-27 17:18:47', '2024-05-27 17:18:47'),
(46, 1, 46, 14, '2018-09-21', '19:33:00', '2024-05-27 17:18:47', '2024-05-27 17:18:47'),
(47, 1, 47, 16, '2018-09-21', '19:33:00', '2024-05-27 17:18:47', '2024-05-27 17:18:47'),
(48, 1, 48, 19, '2018-09-21', '19:33:00', '2024-05-27 17:18:47', '2024-05-27 17:18:47'),
(49, 1, 49, 18, '2018-09-21', '19:33:00', '2024-05-27 17:18:47', '2024-05-27 17:18:47'),
(50, 1, 50, 24, '2018-09-21', '19:33:00', '2024-05-27 17:18:47', '2024-05-27 17:18:47'),
(51, 1, 51, 5, '2018-09-21', '19:33:00', '2024-05-27 17:18:47', '2024-05-27 17:18:47'),
(52, 1, 52, 9, '2018-09-21', '19:33:00', '2024-05-27 17:18:47', '2024-05-27 17:18:47'),
(53, 1, 53, 23, '2018-09-21', '19:33:00', '2024-05-27 17:18:47', '2024-05-27 17:18:47'),
(54, 1, 54, 7, '2018-09-21', '19:33:00', '2024-05-27 17:18:47', '2024-05-27 17:18:47'),
(55, 1, 55, 20, '2018-09-21', '19:33:00', '2024-05-27 17:18:47', '2024-05-27 17:18:47'),
(56, 1, 56, 10, '2018-09-21', '19:33:00', '2024-05-27 17:18:47', '2024-05-27 17:18:47'),
(57, 1, 57, 9, '2018-09-21', '19:33:00', '2024-05-27 17:18:47', '2024-05-27 17:18:47'),
(58, 1, 58, 18, '2018-09-21', '19:33:00', '2024-05-27 17:18:47', '2024-05-27 17:18:47'),
(59, 1, 59, 16, '2018-09-21', '19:33:00', '2024-05-27 17:18:47', '2024-05-27 17:18:47'),
(60, 1, 60, 24, '2018-09-21', '19:33:00', '2024-05-27 17:18:47', '2024-05-27 17:18:47'),
(61, 1, 61, 14, '2018-09-21', '19:33:00', '2024-05-27 17:18:47', '2024-05-27 17:18:47'),
(62, 1, 62, 6, '2018-09-21', '19:33:00', '2024-05-27 17:18:47', '2024-05-27 17:18:47'),
(63, 1, 63, 10, '2018-09-21', '19:33:00', '2024-05-27 17:18:47', '2024-05-27 17:18:47'),
(64, 1, 64, 14, '2018-09-21', '19:33:00', '2024-05-27 17:18:47', '2024-05-27 17:18:47'),
(65, 1, 65, 17, '2018-09-21', '19:33:00', '2024-05-27 17:18:47', '2024-05-27 17:18:47'),
(66, 1, 66, 13, '2018-09-21', '19:33:00', '2024-05-27 17:18:47', '2024-05-27 17:18:47'),
(67, 1, 67, 14, '2018-09-21', '19:33:00', '2024-05-27 17:18:47', '2024-05-27 17:18:47'),
(68, 1, 68, 12, '2018-09-21', '19:33:00', '2024-05-27 17:18:47', '2024-05-27 17:18:47'),
(69, 1, 69, 13, '2018-09-21', '19:33:00', '2024-05-27 17:18:47', '2024-05-27 17:18:47'),
(70, 1, 70, 11, '2018-09-21', '19:33:00', '2024-05-27 17:18:47', '2024-05-27 17:18:47'),
(71, 1, 71, 13, '2018-09-21', '19:33:00', '2024-05-27 17:18:47', '2024-05-27 17:18:47'),
(72, 1, 72, 23, '2018-09-21', '19:33:00', '2024-05-27 17:18:47', '2024-05-27 17:18:47'),
(73, 1, 73, 14, '2018-09-21', '19:33:00', '2024-05-27 17:18:47', '2024-05-27 17:18:47'),
(74, 1, 74, 16, '2018-09-21', '19:33:00', '2024-05-27 17:18:47', '2024-05-27 17:18:47'),
(75, 1, 75, 20, '2018-09-21', '19:33:00', '2024-05-27 17:18:47', '2024-05-27 17:18:47'),
(76, 1, 76, 13, '2018-09-21', '19:33:00', '2024-05-27 17:18:47', '2024-05-27 17:18:47'),
(77, 1, 77, 14, '2018-09-21', '19:33:00', '2024-05-27 17:18:47', '2024-05-27 17:18:47'),
(78, 1, 78, 14, '2018-09-21', '19:33:00', '2024-05-27 17:18:47', '2024-05-27 17:18:47'),
(79, 1, 79, 11, '2018-09-21', '19:33:00', '2024-05-27 17:18:47', '2024-05-27 17:18:47'),
(80, 1, 80, 19, '2018-09-21', '19:33:00', '2024-05-27 17:18:47', '2024-05-27 17:18:47'),
(81, 1, 81, 17, '2018-09-21', '19:33:00', '2024-05-27 17:18:47', '2024-05-27 17:18:47'),
(82, 1, 82, 10, '2018-09-21', '19:33:00', '2024-05-27 17:18:47', '2024-05-27 17:18:47'),
(83, 1, 83, 15, '2018-09-21', '19:33:00', '2024-05-27 17:18:47', '2024-05-27 17:18:47'),
(84, 1, 84, 16, '2018-09-21', '19:33:00', '2024-05-27 17:18:47', '2024-05-27 17:18:47'),
(85, 1, 85, 11, '2018-09-21', '19:33:00', '2024-05-27 17:18:47', '2024-05-27 17:18:47'),
(86, 1, 86, 15, '2018-09-21', '19:33:00', '2024-05-27 17:18:47', '2024-05-27 17:18:47'),
(87, 1, 87, 15, '2018-09-21', '19:33:00', '2024-05-27 17:18:47', '2024-05-27 17:18:47'),
(88, 1, 88, 16, '2018-09-21', '19:33:00', '2024-05-27 17:18:47', '2024-05-27 17:18:47'),
(89, 1, 89, 8, '2018-09-21', '19:33:00', '2024-05-27 17:18:47', '2024-05-27 17:18:47'),
(90, 1, 90, 11, '2018-09-21', '19:33:00', '2024-05-27 17:18:47', '2024-05-27 17:18:47'),
(91, 1, 91, 22, '2018-09-21', '19:33:00', '2024-05-27 17:18:47', '2024-05-27 17:18:47'),
(92, 1, 92, 8, '2018-09-21', '19:33:00', '2024-05-27 17:18:47', '2024-05-27 17:18:47'),
(93, 1, 93, 12, '2018-09-21', '19:33:00', '2024-05-27 17:18:47', '2024-05-27 17:18:47'),
(94, 1, 94, 16, '2018-09-21', '19:33:00', '2024-05-27 17:18:47', '2024-05-27 17:18:47'),
(95, 1, 95, 13, '2018-09-21', '19:33:00', '2024-05-27 17:18:47', '2024-05-27 17:18:47'),
(96, 1, 96, 9, '2018-09-21', '19:33:00', '2024-05-27 17:18:47', '2024-05-27 17:18:47'),
(97, 1, 97, 14, '2018-09-21', '19:33:00', '2024-05-27 17:18:47', '2024-05-27 17:18:47'),
(98, 1, 98, 12, '2018-09-21', '19:33:00', '2024-05-27 17:18:47', '2024-05-27 17:18:47'),
(99, 1, 99, 9, '2018-09-21', '19:33:00', '2024-05-27 17:18:47', '2024-05-27 17:18:47'),
(100, 1, 100, 9, '2018-09-21', '19:33:00', '2024-05-27 17:18:47', '2024-05-27 17:18:47'),
(101, 1, 101, 5, '2018-09-21', '19:33:00', '2024-05-27 17:18:47', '2024-05-27 17:18:47'),
(102, 1, 102, 34, '2018-09-21', '19:33:00', '2024-05-27 17:18:47', '2024-05-27 17:18:47'),
(103, 1, 103, 11, '2018-09-21', '19:33:00', '2024-05-27 17:18:47', '2024-05-27 17:18:47'),
(104, 1, 104, 13, '2018-09-21', '19:33:00', '2024-05-27 17:18:47', '2024-05-27 17:18:47'),
(105, 1, 105, 4, '2018-09-21', '19:33:00', '2024-05-27 17:18:47', '2024-05-27 17:18:47'),
(106, 1, 106, 15, '2018-09-21', '19:33:00', '2024-05-27 17:18:47', '2024-05-27 17:18:47'),
(107, 1, 107, 12, '2018-09-21', '19:33:00', '2024-05-27 17:18:47', '2024-05-27 17:18:47'),
(108, 1, 108, 3, '2018-09-21', '19:33:00', '2024-05-27 17:18:47', '2024-05-27 17:18:47'),
(109, 1, 109, 3, '2018-09-21', '19:33:00', '2024-05-27 17:18:47', '2024-05-27 17:18:47'),
(110, 1, 110, 25, '2018-09-21', '19:33:00', '2024-05-27 17:18:47', '2024-05-27 17:18:47'),
(111, 1, 111, 15, '2018-09-21', '19:33:00', '2024-05-27 17:18:47', '2024-05-27 17:18:47'),
(112, 1, 112, 19, '2018-09-21', '19:33:00', '2024-05-27 17:18:47', '2024-05-27 17:18:47'),
(113, 1, 113, 9, '2018-09-21', '19:33:00', '2024-05-27 17:18:47', '2024-05-27 17:18:47'),
(114, 1, 114, 10, '2018-09-21', '19:33:00', '2024-05-27 17:18:47', '2024-05-27 17:18:47'),
(115, 1, 115, 10, '2018-09-21', '19:33:00', '2024-05-27 17:18:47', '2024-05-27 17:18:47'),
(116, 1, 116, 27, '2018-09-21', '19:33:00', '2024-05-27 17:18:47', '2024-05-27 17:18:47'),
(117, 1, 117, 4, '2018-09-21', '19:33:00', '2024-05-27 17:18:47', '2024-05-27 17:18:47'),
(118, 1, 118, 12, '2018-09-21', '19:33:00', '2024-05-27 17:18:47', '2024-05-27 17:18:47'),
(119, 1, 119, 19, '2018-09-21', '19:33:00', '2024-05-27 17:18:47', '2024-05-27 17:18:47'),
(120, 1, 120, 5, '2018-09-21', '19:33:00', '2024-05-27 17:18:47', '2024-05-27 17:18:47'),
(121, 1, 121, 6, '2018-09-21', '19:33:00', '2024-05-27 17:18:47', '2024-05-27 17:18:47'),
(122, 1, 122, 10, '2018-09-21', '19:33:00', '2024-05-27 17:18:47', '2024-05-27 17:18:47'),
(123, 1, 123, 10, '2018-09-21', '19:33:00', '2024-05-27 17:18:47', '2024-05-27 17:18:47'),
(124, 1, 124, 14, '2018-09-21', '19:33:00', '2024-05-27 17:18:47', '2024-05-27 17:18:47'),
(125, 1, 125, 4, '2018-09-21', '19:33:00', '2024-05-27 17:18:47', '2024-05-27 17:18:47'),
(126, 1, 126, 5, '2018-09-21', '19:33:00', '2024-05-27 17:18:47', '2024-05-27 17:18:47'),
(127, 1, 127, 10, '2018-09-21', '19:33:00', '2024-05-27 17:18:47', '2024-05-27 17:18:47'),
(128, 1, 128, 6, '2018-09-21', '19:33:00', '2024-05-27 17:18:47', '2024-05-27 17:18:47'),
(129, 1, 129, 7, '2018-09-21', '19:33:00', '2024-05-27 17:18:47', '2024-05-27 17:18:47'),
(130, 1, 130, 13, '2018-09-21', '19:33:00', '2024-05-27 17:18:47', '2024-05-27 17:18:47'),
(131, 1, 131, 16, '2018-09-21', '19:33:00', '2024-05-27 17:18:47', '2024-05-27 17:18:47'),
(132, 1, 132, 21, '2018-10-06', '00:29:00', '2024-05-27 17:18:47', '2024-05-27 17:18:47'),
(133, 1, 133, 11, '2018-10-06', '00:29:00', '2024-05-27 17:18:47', '2024-05-27 17:18:47'),
(134, 1, 134, 16, '2018-10-06', '00:29:00', '2024-05-27 17:18:47', '2024-05-27 17:18:47'),
(135, 1, 135, 5, '2018-10-06', '00:29:00', '2024-05-27 17:18:47', '2024-05-27 17:18:47'),
(136, 1, 136, 10, '2018-10-06', '00:29:00', '2024-05-27 17:18:47', '2024-05-27 17:18:47'),
(137, 1, 137, 20, '2018-10-06', '00:29:00', '2024-05-27 17:18:47', '2024-05-27 17:18:47'),
(138, 1, 138, 22, '2018-10-06', '00:29:00', '2024-05-27 17:18:47', '2024-05-27 17:18:47'),
(139, 1, 139, 14, '2019-07-25', '10:09:00', '2024-05-27 17:18:47', '2024-05-27 17:18:47'),
(140, 1, 140, 16, '2019-07-25', '10:43:00', '2024-05-27 17:18:47', '2024-05-27 17:18:47'),
(141, 1, 141, 16, '2019-07-25', '10:44:00', '2024-05-27 17:18:47', '2024-05-27 17:18:47'),
(142, 1, 142, 18, '2019-07-25', '10:44:00', '2024-05-27 17:18:48', '2024-05-27 17:18:48'),
(143, 1, 143, 20, '2019-07-25', '10:44:00', '2024-05-27 17:18:48', '2024-05-27 17:18:48'),
(144, 1, 144, 11, '2019-07-25', '10:44:00', '2024-05-27 17:18:48', '2024-05-27 17:18:48'),
(145, 1, 145, 12, '2019-07-25', '10:45:00', '2024-05-27 17:18:48', '2024-05-27 17:18:48'),
(146, 1, 146, 21, '2019-07-25', '10:45:00', '2024-05-27 17:18:48', '2024-05-27 17:18:48'),
(147, 1, 147, 19, '2019-12-11', '19:59:00', '2024-05-27 17:18:48', '2024-05-27 17:18:48'),
(148, 1, 148, 6, '2019-12-11', '20:04:00', '2024-05-27 17:18:48', '2024-05-27 17:18:48'),
(149, 1, 149, 5, '2019-12-11', '20:21:00', '2024-05-27 17:18:48', '2024-05-27 17:18:48'),
(150, 1, 150, 13, '2019-12-11', '20:22:00', '2024-05-27 17:18:48', '2024-05-27 17:18:48'),
(151, 1, 151, 9, '2020-01-15', '18:00:00', '2024-05-27 17:18:48', '2024-05-27 17:18:48'),
(152, 1, 152, 8, '2020-01-15', '18:00:00', '2024-05-27 17:18:48', '2024-05-27 17:18:48'),
(153, 1, 153, 12, '2020-01-15', '18:01:00', '2024-05-27 17:18:48', '2024-05-27 17:18:48'),
(154, 1, 154, 7, '2020-01-15', '18:01:00', '2024-05-27 17:18:48', '2024-05-27 17:18:48');

-- --------------------------------------------------------

--
-- Estructura de tabla para la tabla `entrenamientos`
--

CREATE TABLE `entrenamientos` (
  `id` bigint UNSIGNED NOT NULL,
  `cod` varchar(255) COLLATE utf8mb4_unicode_ci NOT NULL,
  `nro` bigint NOT NULL,
  `total` bigint DEFAULT NULL,
  `fecha_registro` date NOT NULL,
  `status` int NOT NULL DEFAULT '1',
  `created_at` timestamp NULL DEFAULT NULL,
  `updated_at` timestamp NULL DEFAULT NULL
) ENGINE=InnoDB DEFAULT CHARSET=utf8mb4 COLLATE=utf8mb4_unicode_ci;

--
-- Volcado de datos para la tabla `entrenamientos`
--

INSERT INTO `entrenamientos` (`id`, `cod`, `nro`, `total`, `fecha_registro`, `status`, `created_at`, `updated_at`) VALUES
(1, 'E.1', 1, 0, '2024-05-27', 1, '2024-05-27 17:18:47', '2024-05-27 17:18:47');

-- --------------------------------------------------------

--
-- Estructura de tabla para la tabla `historial_accions`
--

CREATE TABLE `historial_accions` (
  `id` bigint UNSIGNED NOT NULL,
  `user_id` bigint UNSIGNED NOT NULL,
  `accion` varchar(155) COLLATE utf8mb4_unicode_ci NOT NULL,
  `descripcion` text COLLATE utf8mb4_unicode_ci NOT NULL,
  `datos_original` text COLLATE utf8mb4_unicode_ci,
  `datos_nuevo` text COLLATE utf8mb4_unicode_ci,
  `modulo` varchar(155) COLLATE utf8mb4_unicode_ci NOT NULL,
  `fecha` date NOT NULL,
  `hora` time NOT NULL,
  `created_at` timestamp NULL DEFAULT NULL,
  `updated_at` timestamp NULL DEFAULT NULL
) ENGINE=InnoDB DEFAULT CHARSET=utf8mb4 COLLATE=utf8mb4_unicode_ci;

--
-- Volcado de datos para la tabla `historial_accions`
--

INSERT INTO `historial_accions` (`id`, `user_id`, `accion`, `descripcion`, `datos_original`, `datos_nuevo`, `modulo`, `fecha`, `hora`, `created_at`, `updated_at`) VALUES
(1, 1, 'CREACIÓN', 'EL USUARIO admin REGISTRO UN USUARIO', 'id: 3<br/>usuario: JPERES<br/>password: $2y$12$0vAva2htf.teXojUy8W5qOKmSbdjX6rdfeHiD7WyS7ndQU4VLVSTS<br/>nombre: JUAN<br/>paterno: PERES<br/>materno: MAMANI<br/>ci: 1111<br/>ci_exp: LP<br/>dir: LOS OLIVOS<br/>email: JUAN@GMAIL.COM<br/>fono: 78787878<br/>tipo: SUPERVISOR DE PERSONAL<br/>foto: 1716497858_JPERES.jpg<br/>acceso: 1<br/>fecha_registro: 2024-05-23 00:00:00<br/>created_at: 2024-05-23 16:57:37<br/>updated_at: 2024-05-23 16:57:38<br/>', NULL, 'USUARIOS', '2024-05-23', '16:57:38', '2024-05-23 20:57:38', '2024-05-23 20:57:38'),
(2, 1, 'MODIFICACIÓN', 'EL USUARIO admin MODIFICÓ UN USUARIO', 'id: 3<br/>usuario: JPERES<br/>password: $2y$12$0vAva2htf.teXojUy8W5qOKmSbdjX6rdfeHiD7WyS7ndQU4VLVSTS<br/>nombre: JUAN<br/>paterno: PERES<br/>materno: MAMANI<br/>ci: 1111<br/>ci_exp: LP<br/>dir: LOS OLIVOS<br/>email: JUAN@GMAIL.COM<br/>fono: 78787878<br/>tipo: SUPERVISOR DE PERSONAL<br/>foto: 1716497858_JPERES.jpg<br/>acceso: 1<br/>fecha_registro: 2024-05-23 00:00:00<br/>created_at: 2024-05-23 16:57:37<br/>updated_at: 2024-05-23 16:57:38<br/>', 'id: 3<br/>usuario: JPERES<br/>password: $2y$12$0vAva2htf.teXojUy8W5qOKmSbdjX6rdfeHiD7WyS7ndQU4VLVSTS<br/>nombre: JUANS<br/>paterno: PERES<br/>materno: MAMANI<br/>ci: 1111<br/>ci_exp: LP<br/>dir: LOS OLIVOS<br/>email: JUAN@GMAIL.COM<br/>fono: 78787878<br/>tipo: SUPERVISOR DE PERSONAL<br/>foto: 1716497858_JPERES.jpg<br/>acceso: 1<br/>fecha_registro: 2024-05-23 00:00:00<br/>created_at: 2024-05-23 16:57:37<br/>updated_at: 2024-05-23 16:58:24<br/>', 'USUARIOS', '2024-05-23', '16:58:24', '2024-05-23 20:58:24', '2024-05-23 20:58:24'),
(3, 1, 'MODIFICACIÓN', 'EL USUARIO admin MODIFICÓ UN USUARIO', 'id: 3<br/>usuario: JPERES<br/>password: $2y$12$0vAva2htf.teXojUy8W5qOKmSbdjX6rdfeHiD7WyS7ndQU4VLVSTS<br/>nombre: JUANS<br/>paterno: PERES<br/>materno: MAMANI<br/>ci: 1111<br/>ci_exp: LP<br/>dir: LOS OLIVOS<br/>email: JUAN@GMAIL.COM<br/>fono: 78787878<br/>tipo: SUPERVISOR DE PERSONAL<br/>foto: 1716497858_JPERES.jpg<br/>acceso: 1<br/>fecha_registro: 2024-05-23 00:00:00<br/>created_at: 2024-05-23 16:57:37<br/>updated_at: 2024-05-23 16:58:24<br/>', 'id: 3<br/>usuario: JPERES<br/>password: $2y$12$0vAva2htf.teXojUy8W5qOKmSbdjX6rdfeHiD7WyS7ndQU4VLVSTS<br/>nombre: JUAN<br/>paterno: PERES<br/>materno: MAMANI<br/>ci: 1111<br/>ci_exp: LP<br/>dir: LOS OLIVOS<br/>email: JUAN@GMAIL.COM<br/>fono: 78787878<br/>tipo: SUPERVISOR DE PERSONAL<br/>foto: 1716497858_JPERES.jpg<br/>acceso: 1<br/>fecha_registro: 2024-05-23 00:00:00<br/>created_at: 2024-05-23 16:57:37<br/>updated_at: 2024-05-23 16:58:28<br/>', 'USUARIOS', '2024-05-23', '16:58:28', '2024-05-23 20:58:28', '2024-05-23 20:58:28'),
(4, 1, 'ELIMINACIÓN', 'EL USUARIO admin ELIMINÓ UN USUARIO', 'id: 3<br/>usuario: JPERES<br/>password: $2y$12$0vAva2htf.teXojUy8W5qOKmSbdjX6rdfeHiD7WyS7ndQU4VLVSTS<br/>nombre: JUAN<br/>paterno: PERES<br/>materno: MAMANI<br/>ci: 1111<br/>ci_exp: LP<br/>dir: LOS OLIVOS<br/>email: JUAN@GMAIL.COM<br/>fono: 78787878<br/>tipo: SUPERVISOR DE PERSONAL<br/>foto: 1716497858_JPERES.jpg<br/>acceso: 1<br/>fecha_registro: 2024-05-23 00:00:00<br/>created_at: 2024-05-23 16:57:37<br/>updated_at: 2024-05-23 16:58:28<br/>', NULL, 'USUARIOS', '2024-05-23', '16:58:30', '2024-05-23 20:58:30', '2024-05-23 20:58:30'),
(5, 1, 'CREACIÓN', 'EL PERSONAL  REGISTRO UN PERSONAL', 'id: 1<br/>nombre: JUAN<br/>paterno: PERES<br/>materno: MAMANI<br/>ci: 1231231<br/>ci_exp: LP<br/>estado_civil: SOLTERO<br/>genero: HOMBRE<br/>dir: LOS OLIVOS<br/>correo: JUAN@GMAIL.COM<br/>cel: 7777777<br/>nombre_contacto: MARTIN MAMANI<br/>cel_contacto: 787878788<br/>foto: 1716569718_.jpg<br/>estado: ACTIVO<br/>fecha_registro: 2024-05-24<br/>created_at: 2024-05-24 12:55:18<br/>updated_at: 2024-05-24 12:55:18<br/>', NULL, 'PERSONAL', '2024-05-24', '12:55:18', '2024-05-24 16:55:18', '2024-05-24 16:55:18'),
(6, 1, 'CREACIÓN', 'EL PERSONAL  REGISTRO UN PERSONAL', 'id: 2<br/>nombre: JUAN<br/>paterno: PERES<br/>materno: MAMANI<br/>ci: 1123123<br/>ci_exp: LP<br/>estado_civil: SOLTERO<br/>genero: HOMBRE<br/>dir: LOS OLIVOS<br/>correo: JUAN@GMAIL.COM<br/>cel: 7777777<br/>nombre_contacto: MARTIN MAMANI<br/>cel_contacto: 77777888<br/>foto: 1716569787_.jpg<br/>estado: ACTIVO<br/>fecha_registro: 2024-05-24<br/>created_at: 2024-05-24 12:56:27<br/>updated_at: 2024-05-24 12:56:27<br/>', NULL, 'PERSONAL', '2024-05-24', '12:56:27', '2024-05-24 16:56:27', '2024-05-24 16:56:27'),
(7, 1, 'MODIFICACIÓN', 'EL PERSONAL  MODIFICÓ UN PERSONAL', 'id: 2<br/>nombre: JUAN<br/>paterno: PERES<br/>materno: MAMANI<br/>ci: 1123123<br/>ci_exp: LP<br/>estado_civil: SOLTERO<br/>genero: HOMBRE<br/>dir: LOS OLIVOS<br/>correo: JUAN@GMAIL.COM<br/>cel: 7777777<br/>nombre_contacto: MARTIN MAMANI<br/>cel_contacto: 77777888<br/>foto: 1716569787_.jpg<br/>estado: ACTIVO<br/>fecha_registro: 2024-05-24<br/>created_at: 2024-05-24 12:56:27<br/>updated_at: 2024-05-24 12:56:27<br/>', 'id: 2<br/>nombre: JUANS<br/>paterno: PERESS<br/>materno: MAMANIS<br/>ci: 11231232<br/>ci_exp: CB<br/>estado_civil: CASADO<br/>genero: MUJER<br/>dir: LOS OLIVOSS<br/>correo: JUAN@GMAIL.COMS<br/>cel: 77777778<br/>nombre_contacto: MARTIN MAMANIS<br/>cel_contacto: 777778887<br/>foto: 1716569787_.jpg<br/>estado: INACTIVO<br/>fecha_registro: 2024-05-24<br/>created_at: 2024-05-24 12:56:27<br/>updated_at: 2024-05-24 12:56:59<br/>', 'PERSONAL', '2024-05-24', '12:56:59', '2024-05-24 16:56:59', '2024-05-24 16:56:59'),
(8, 1, 'ELIMINACIÓN', 'EL PERSONAL  ELIMINÓ UN PERSONAL', 'id: 2<br/>nombre: JUANS<br/>paterno: PERESS<br/>materno: MAMANIS<br/>ci: 11231232<br/>ci_exp: CB<br/>estado_civil: CASADO<br/>genero: MUJER<br/>dir: LOS OLIVOSS<br/>correo: JUAN@GMAIL.COMS<br/>cel: 77777778<br/>nombre_contacto: MARTIN MAMANIS<br/>cel_contacto: 777778887<br/>foto: 1716569787_.jpg<br/>estado: INACTIVO<br/>fecha_registro: 2024-05-24<br/>created_at: 2024-05-24 12:56:27<br/>updated_at: 2024-05-24 12:56:59<br/>', NULL, 'PERSONAL', '2024-05-24', '12:57:23', '2024-05-24 16:57:23', '2024-05-24 16:57:23'),
(9, 1, 'CREACIÓN', 'EL PERSONAL  REGISTRO UN PERSONAL', 'id: 2<br/>nombre: ASD<br/>paterno: ASD<br/>materno: ASD<br/>ci: 123<br/>ci_exp: LP<br/>estado_civil: SOLTERO<br/>genero: HOMBRE<br/>dir: 123123<br/>correo: <br/>cel: <br/>nombre_contacto: <br/>cel_contacto: <br/>foto: 1716569892_.png<br/>estado: ACTIVO<br/>fecha_registro: 2024-05-24<br/>created_at: 2024-05-24 12:58:12<br/>updated_at: 2024-05-24 12:58:12<br/>', NULL, 'PERSONAL', '2024-05-24', '12:58:12', '2024-05-24 16:58:12', '2024-05-24 16:58:12'),
(10, 1, 'ELIMINACIÓN', 'EL PERSONAL  ELIMINÓ UN PERSONAL', 'id: 2<br/>nombre: ASD<br/>paterno: ASD<br/>materno: ASD<br/>ci: 123<br/>ci_exp: LP<br/>estado_civil: SOLTERO<br/>genero: HOMBRE<br/>dir: 123123<br/>correo: <br/>cel: <br/>nombre_contacto: <br/>cel_contacto: <br/>foto: 1716569892_.png<br/>estado: ACTIVO<br/>fecha_registro: 2024-05-24<br/>created_at: 2024-05-24 12:58:12<br/>updated_at: 2024-05-24 12:58:12<br/>', NULL, 'PERSONAL', '2024-05-24', '12:58:16', '2024-05-24 16:58:16', '2024-05-24 16:58:16'),
(11, 1, 'CREACIÓN', 'EL PERSONAL  REGISTRO UN PERSONAL', 'id: 2<br/>nombre: JUAN<br/>paterno: PERES<br/>materno: MAMANI<br/>ci: 123123<br/>ci_exp: LP<br/>estado_civil: SOLTERO<br/>genero: HOMBRE<br/>dir: LOS OLIVOS<br/>correo: JUAN@GMAIL.COM<br/>cel: 7777777<br/>nombre_contacto: MARTIN MAMANI<br/>cel_contacto: 78787878<br/>foto: 1716569996_.jpg<br/>estado: ACTIVO<br/>fecha_registro: 2024-05-24<br/>created_at: 2024-05-24 12:59:56<br/>updated_at: 2024-05-24 12:59:56<br/>', NULL, 'PERSONAL', '2024-05-24', '12:59:56', '2024-05-24 16:59:56', '2024-05-24 16:59:56'),
(12, 1, 'ELIMINACIÓN', 'EL PERSONAL  ELIMINÓ UN PERSONAL', 'id: 1<br/>nombre: JUAN<br/>paterno: PERES<br/>materno: MAMANI<br/>ci: 1231231<br/>ci_exp: LP<br/>estado_civil: SOLTERO<br/>genero: HOMBRE<br/>dir: LOS OLIVOS<br/>correo: JUAN@GMAIL.COM<br/>cel: 7777777<br/>nombre_contacto: MARTIN MAMANI<br/>cel_contacto: 787878788<br/>foto: 1716569718_.jpg<br/>estado: ACTIVO<br/>fecha_registro: 2024-05-24<br/>created_at: 2024-05-24 12:55:18<br/>updated_at: 2024-05-24 12:55:18<br/>', NULL, 'PERSONAL', '2024-05-24', '13:00:36', '2024-05-24 17:00:36', '2024-05-24 17:00:36'),
(13, 1, 'ELIMINACIÓN', 'EL PERSONAL  ELIMINÓ UN PERSONAL', 'id: 2<br/>nombre: JUAN<br/>paterno: PERES<br/>materno: MAMANI<br/>ci: 123123<br/>ci_exp: LP<br/>estado_civil: SOLTERO<br/>genero: HOMBRE<br/>dir: LOS OLIVOS<br/>correo: JUAN@GMAIL.COM<br/>cel: 7777777<br/>nombre_contacto: MARTIN MAMANI<br/>cel_contacto: 78787878<br/>foto: 1716569996_.jpg<br/>estado: ACTIVO<br/>fecha_registro: 2024-05-24<br/>created_at: 2024-05-24 12:59:56<br/>updated_at: 2024-05-24 12:59:56<br/>', NULL, 'PERSONAL', '2024-05-24', '13:00:39', '2024-05-24 17:00:39', '2024-05-24 17:00:39'),
(14, 1, 'CREACIÓN', 'EL PERSONAL  REGISTRO UN PERSONAL', 'id: 1<br/>nombre: JUAN<br/>paterno: PERES<br/>materno: MAMANI<br/>ci: 123123<br/>ci_exp: LP<br/>estado_civil: SOLTERO<br/>genero: HOMBRE<br/>dir: LOS OLIVOS<br/>correo: JUAN@GMAIL.COM<br/>cel: 7777777<br/>nombre_contacto: MARTIN MAMANI<br/>cel_contacto: 78787878<br/>foto: 1716570099_.jpg<br/>estado: ACTIVO<br/>fecha_registro: 2024-05-24<br/>created_at: 2024-05-24 13:01:39<br/>updated_at: 2024-05-24 13:01:39<br/>', NULL, 'PERSONAL', '2024-05-24', '13:01:39', '2024-05-24 17:01:39', '2024-05-24 17:01:39'),
(15, 1, 'CREACIÓN', 'EL PERSONAL  REGISTRO UN PERSONAL', 'id: 2<br/>nombre: MARIA<br/>paterno: JUARES<br/>materno: CORTEZ<br/>ci: 67676<br/>ci_exp: LP<br/>estado_civil: CASADO<br/>genero: MUJER<br/>dir: LOS OLIVOS #2<br/>correo: MARIA@GMAIL.COM<br/>cel: 78787667<br/>nombre_contacto: <br/>cel_contacto: <br/>foto: <br/>estado: ACTIVO<br/>fecha_registro: 2024-05-24<br/>created_at: 2024-05-24 13:02:09<br/>updated_at: 2024-05-24 13:02:09<br/>', NULL, 'PERSONAL', '2024-05-24', '13:02:09', '2024-05-24 17:02:09', '2024-05-24 17:02:09'),
(16, 1, 'CREACIÓN', 'EL PERSONAL  REGISTRO UN PERSONAL', 'id: 3<br/>nombre: CARLOS<br/>paterno: MARTINEZ<br/>materno: MARTINEZ<br/>ci: 4323423<br/>ci_exp: SC<br/>estado_civil: DIVORCIADO<br/>genero: HOMBRE<br/>dir: LOS OLIVOS<br/>correo: CARLOS@GMAIL.COM<br/>cel: <br/>nombre_contacto: <br/>cel_contacto: <br/>foto: <br/>estado: ACTIVO<br/>fecha_registro: 2024-05-24<br/>created_at: 2024-05-24 13:02:28<br/>updated_at: 2024-05-24 13:02:28<br/>', NULL, 'PERSONAL', '2024-05-24', '13:02:28', '2024-05-24 17:02:28', '2024-05-24 17:02:28'),
(17, 1, 'CREACIÓN', 'EL PERSONAL  REGISTRO UN PERSONAL', 'id: 4<br/>nombre: ALEX<br/>paterno: GONZALES<br/>materno: <br/>ci: 34232<br/>ci_exp: LP<br/>estado_civil: CASADO<br/>genero: HOMBRE<br/>dir: LOS OLIVOS<br/>correo: <br/>cel: <br/>nombre_contacto: <br/>cel_contacto: <br/>foto: <br/>estado: ACTIVO<br/>fecha_registro: 2024-05-24<br/>created_at: 2024-05-24 13:02:43<br/>updated_at: 2024-05-24 13:02:43<br/>', NULL, 'PERSONAL', '2024-05-24', '13:02:43', '2024-05-24 17:02:43', '2024-05-24 17:02:43'),
(18, 1, 'CREACIÓN', 'EL PERSONAL  REGISTRO UN PERSONAL', 'id: 5<br/>nombre: JAIME<br/>paterno: SUAREZ<br/>materno: <br/>ci: 2323<br/>ci_exp: LP<br/>estado_civil: SOLTERO<br/>genero: HOMBRE<br/>dir: LOS OLIVOS<br/>correo: <br/>cel: <br/>nombre_contacto: <br/>cel_contacto: <br/>foto: <br/>estado: ACTIVO<br/>fecha_registro: 2024-05-24<br/>created_at: 2024-05-24 13:02:57<br/>updated_at: 2024-05-24 13:02:57<br/>', NULL, 'PERSONAL', '2024-05-24', '13:02:57', '2024-05-24 17:02:57', '2024-05-24 17:02:57'),
(19, 1, 'ELIMINACIÓN', 'EL PERSONAL  ELIMINÓ UN PERSONAL', 'id: 1<br/>cod: E.1<br/>nro: 1<br/>total: 0<br/>fecha_registro: 2024-05-24<br/>status: 1<br/>created_at: 2024-05-24 14:16:27<br/>updated_at: 2024-05-24 14:16:27<br/>', NULL, 'PERSONAL', '2024-05-24', '15:27:03', '2024-05-24 19:27:03', '2024-05-24 19:27:03'),
(20, 1, 'CREACIÓN', 'EL USUARIO  REGISTRO UNA ASIGNACIÓN', 'id: 2<br/>cod: A.1<br/>nro: 1<br/>fecha_registro: 2024-05-24<br/>status: <br/>created_at: 2024-05-24 16:14:46<br/>updated_at: 2024-05-24 16:14:46<br/>', NULL, 'ASIGNACIÓN', '2024-05-24', '16:14:46', '2024-05-24 20:14:46', '2024-05-24 20:14:46'),
(21, 1, 'ELIMINACIÓN', 'EL USUARIO  ELIMINÓ UNA ASIGNACIÓN', 'id: 2<br/>cod: A.1<br/>nro: 1<br/>fecha_registro: 2024-05-24<br/>status: 1<br/>created_at: 2024-05-24 16:14:46<br/>updated_at: 2024-05-24 16:14:46<br/>', NULL, 'ASIGNACIÓN', '2024-05-24', '16:24:45', '2024-05-24 20:24:45', '2024-05-24 20:24:45'),
(22, 1, 'CREACIÓN', 'EL USUARIO  REGISTRO UNA ASIGNACIÓN', 'id: 3<br/>cod: A.1<br/>nro: 1<br/>fecha_registro: 2024-05-24<br/>status: <br/>created_at: 2024-05-24 16:24:51<br/>updated_at: 2024-05-24 16:24:51<br/>', NULL, 'ASIGNACIÓN', '2024-05-24', '16:24:51', '2024-05-24 20:24:51', '2024-05-24 20:24:51'),
(23, 1, 'ELIMINACIÓN', 'EL USUARIO  ELIMINÓ UNA ASIGNACIÓN', 'id: 3<br/>cod: A.1<br/>nro: 1<br/>fecha_registro: 2024-05-24<br/>status: 1<br/>created_at: 2024-05-24 16:24:51<br/>updated_at: 2024-05-24 16:24:51<br/>', NULL, 'ASIGNACIÓN', '2024-05-24', '16:25:19', '2024-05-24 20:25:19', '2024-05-24 20:25:19'),
(24, 1, 'CREACIÓN', 'EL USUARIO  REGISTRO UNA ASIGNACIÓN', 'id: 4<br/>cod: A.1<br/>nro: 1<br/>fecha_registro: 2024-05-24<br/>status: <br/>created_at: 2024-05-24 16:25:22<br/>updated_at: 2024-05-24 16:25:22<br/>', NULL, 'ASIGNACIÓN', '2024-05-24', '16:25:22', '2024-05-24 20:25:22', '2024-05-24 20:25:22'),
(25, 1, 'ELIMINACIÓN', 'EL USUARIO  ELIMINÓ UNA ASIGNACIÓN', 'id: 4<br/>cod: A.1<br/>nro: 1<br/>fecha_registro: 2024-05-24<br/>status: 1<br/>created_at: 2024-05-24 16:25:22<br/>updated_at: 2024-05-24 16:25:22<br/>', NULL, 'ASIGNACIÓN', '2024-05-24', '16:27:05', '2024-05-24 20:27:05', '2024-05-24 20:27:05'),
(26, 1, 'CREACIÓN', 'EL USUARIO  REGISTRO UNA ASIGNACIÓN', 'id: 14<br/>cod: A.1<br/>nro: 1<br/>fecha_registro: 2024-05-24<br/>status: <br/>created_at: 2024-05-24 16:33:42<br/>updated_at: 2024-05-24 16:33:42<br/>', NULL, 'ASIGNACIÓN', '2024-05-24', '16:33:42', '2024-05-24 20:33:42', '2024-05-24 20:33:42'),
(27, 1, 'CREACIÓN', 'EL USUARIO admin REGISTRO UN USUARIO', 'id: 2<br/>usuario: JPERES<br/>password: $2y$12$S3MdcZ11FCxwLWPsNHZraeffi2LHPrDckTFZ9xyx0/n00RuTkW4E6<br/>nombre: JUAN<br/>paterno: PERES<br/>materno: MAMANI<br/>ci: 1111<br/>ci_exp: LP<br/>dir: LOS OLIVOS<br/>email: JUAN@GMAIL.COM<br/>fono: 76767676<br/>tipo: SUPERVISOR DE PERSONAL<br/>foto: 1716819370_JPERES.jpg<br/>acceso: 1<br/>fecha_registro: 2024-05-27 00:00:00<br/>created_at: 2024-05-27 10:16:10<br/>updated_at: 2024-05-27 10:16:10<br/>', NULL, 'USUARIOS', '2024-05-27', '10:16:10', '2024-05-27 14:16:10', '2024-05-27 14:16:10'),
(28, 1, 'MODIFICACIÓN', 'EL USUARIO admin MODIFICÓ UN USUARIO', 'id: 2<br/>usuario: JPERES<br/>password: $2y$12$S3MdcZ11FCxwLWPsNHZraeffi2LHPrDckTFZ9xyx0/n00RuTkW4E6<br/>nombre: JUAN<br/>paterno: PERES<br/>materno: MAMANI<br/>ci: 1111<br/>ci_exp: LP<br/>dir: LOS OLIVOS<br/>email: JUAN@GMAIL.COM<br/>fono: 76767676<br/>tipo: SUPERVISOR DE PERSONAL<br/>foto: 1716819370_JPERES.jpg<br/>acceso: 1<br/>fecha_registro: 2024-05-27 00:00:00<br/>created_at: 2024-05-27 10:16:10<br/>updated_at: 2024-05-27 10:16:10<br/>', 'id: 2<br/>usuario: JPERES<br/>password: $2y$12$S3MdcZ11FCxwLWPsNHZraeffi2LHPrDckTFZ9xyx0/n00RuTkW4E6<br/>nombre: JUANS<br/>paterno: PERESS<br/>materno: MAMANIS<br/>ci: 1111<br/>ci_exp: LP<br/>dir: LOS OLIVOS<br/>email: JUAN@GMAIL.COM<br/>fono: 76767676<br/>tipo: SUPERVISOR DE PERSONAL<br/>foto: 1716819370_JPERES.jpg<br/>acceso: 1<br/>fecha_registro: 2024-05-27 00:00:00<br/>created_at: 2024-05-27 10:16:10<br/>updated_at: 2024-05-27 10:16:17<br/>', 'USUARIOS', '2024-05-27', '10:16:17', '2024-05-27 14:16:17', '2024-05-27 14:16:17'),
(29, 1, 'MODIFICACIÓN', 'EL USUARIO admin MODIFICÓ UN USUARIO', 'id: 2<br/>usuario: JPERES<br/>password: $2y$12$S3MdcZ11FCxwLWPsNHZraeffi2LHPrDckTFZ9xyx0/n00RuTkW4E6<br/>nombre: JUANS<br/>paterno: PERESS<br/>materno: MAMANIS<br/>ci: 1111<br/>ci_exp: LP<br/>dir: LOS OLIVOS<br/>email: JUAN@GMAIL.COM<br/>fono: 76767676<br/>tipo: SUPERVISOR DE PERSONAL<br/>foto: 1716819370_JPERES.jpg<br/>acceso: 1<br/>fecha_registro: 2024-05-27 00:00:00<br/>created_at: 2024-05-27 10:16:10<br/>updated_at: 2024-05-27 10:16:17<br/>', 'id: 2<br/>usuario: JPERES<br/>password: $2y$12$S3MdcZ11FCxwLWPsNHZraeffi2LHPrDckTFZ9xyx0/n00RuTkW4E6<br/>nombre: JUAN<br/>paterno: PERES<br/>materno: MAMANI<br/>ci: 1111<br/>ci_exp: LP<br/>dir: LOS OLIVOS<br/>email: JUAN@GMAIL.COM<br/>fono: 76767676<br/>tipo: SUPERVISOR DE PERSONAL<br/>foto: 1716819370_JPERES.jpg<br/>acceso: 1<br/>fecha_registro: 2024-05-27 00:00:00<br/>created_at: 2024-05-27 10:16:10<br/>updated_at: 2024-05-27 10:16:23<br/>', 'USUARIOS', '2024-05-27', '10:16:23', '2024-05-27 14:16:23', '2024-05-27 14:16:23'),
(30, 1, 'MODIFICACIÓN', 'EL USUARIO  MODIFICÓ UN PERSONAL', 'id: 1<br/>nombre: JUAN<br/>paterno: PERES<br/>materno: MAMANI<br/>ci: 123123<br/>ci_exp: LP<br/>estado_civil: SOLTERO<br/>genero: HOMBRE<br/>dir: LOS OLIVOS<br/>correo: JUAN@GMAIL.COM<br/>cel: 7777777<br/>nombre_contacto: MARTIN MAMANI<br/>cel_contacto: 78787878<br/>foto: 1716570099_.jpg<br/>estado: ACTIVO<br/>fecha_registro: 2024-05-24<br/>created_at: 2024-05-24 13:01:39<br/>updated_at: 2024-05-24 13:01:39<br/>', 'id: 1<br/>nombre: JUAN<br/>paterno: PERES<br/>materno: MAMANI<br/>ci: 123123<br/>ci_exp: LP<br/>estado_civil: SOLTERO<br/>genero: HOMBRE<br/>dir: LOS OLIVOS<br/>correo: JUAN@GMAIL.COM<br/>cel: 7777777<br/>nombre_contacto: MARTIN MAMANI<br/>cel_contacto: 78787878<br/>foto: 1716570099_.jpg<br/>estado: INACTIVO<br/>fecha_registro: 2024-05-24<br/>created_at: 2024-05-24 13:01:39<br/>updated_at: 2024-05-27 10:34:18<br/>', 'PERSONAL', '2024-05-27', '10:34:18', '2024-05-27 14:34:18', '2024-05-27 14:34:18'),
(31, 1, 'MODIFICACIÓN', 'EL USUARIO  MODIFICÓ UN PERSONAL', 'id: 1<br/>nombre: JUAN<br/>paterno: PERES<br/>materno: MAMANI<br/>ci: 123123<br/>ci_exp: LP<br/>estado_civil: SOLTERO<br/>genero: HOMBRE<br/>dir: LOS OLIVOS<br/>correo: JUAN@GMAIL.COM<br/>cel: 7777777<br/>nombre_contacto: MARTIN MAMANI<br/>cel_contacto: 78787878<br/>foto: 1716570099_.jpg<br/>estado: INACTIVO<br/>fecha_registro: 2024-05-24<br/>created_at: 2024-05-24 13:01:39<br/>updated_at: 2024-05-27 10:34:18<br/>', 'id: 1<br/>nombre: JUAN<br/>paterno: PERES<br/>materno: MAMANI<br/>ci: 123123<br/>ci_exp: LP<br/>estado_civil: SOLTERO<br/>genero: HOMBRE<br/>dir: LOS OLIVOS<br/>correo: JUAN@GMAIL.COM<br/>cel: 7777777<br/>nombre_contacto: MARTIN MAMANI<br/>cel_contacto: 78787878<br/>foto: 1716570099_.jpg<br/>estado: ACTIVO<br/>fecha_registro: 2024-05-24<br/>created_at: 2024-05-24 13:01:39<br/>updated_at: 2024-05-27 10:34:33<br/>', 'PERSONAL', '2024-05-27', '10:34:33', '2024-05-27 14:34:33', '2024-05-27 14:34:33'),
(32, 1, 'CREACIÓN', 'EL USUARIO  REGISTRO UN PERSONAL', 'id: 6<br/>nombre: FELIX<br/>paterno: MARTINEZ<br/>materno: MAMANI<br/>ci: 54454<br/>ci_exp: LP<br/>estado_civil: SOLTERO<br/>genero: HOMBRE<br/>dir: LOS OLIVOS<br/>correo: <br/>cel: <br/>nombre_contacto: <br/>cel_contacto: <br/>foto: <br/>estado: ACTIVO<br/>fecha_registro: 2024-05-27<br/>created_at: 2024-05-27 11:30:42<br/>updated_at: 2024-05-27 11:30:42<br/>', NULL, 'PERSONAL', '2024-05-27', '11:30:42', '2024-05-27 15:30:42', '2024-05-27 15:30:42'),
(33, 1, 'CREACIÓN', 'EL USUARIO  REGISTRO UN PERSONAL', 'id: 7<br/>nombre: ROXANA<br/>paterno: MARQUEZ<br/>materno: <br/>ci: 433434<br/>ci_exp: LP<br/>estado_civil: SOLTERO<br/>genero: MUJER<br/>dir: LOS OLIVOS<br/>correo: <br/>cel: <br/>nombre_contacto: <br/>cel_contacto: <br/>foto: <br/>estado: ACTIVO<br/>fecha_registro: 2024-05-27<br/>created_at: 2024-05-27 11:45:25<br/>updated_at: 2024-05-27 11:45:25<br/>', NULL, 'PERSONAL', '2024-05-27', '11:45:25', '2024-05-27 15:45:25', '2024-05-27 15:45:25'),
(34, 1, 'CREACIÓN', 'EL USUARIO  REGISTRO UNA ASIGNACIÓN', 'id: 15<br/>cod: A.2<br/>nro: 2<br/>fecha_registro: 2024-05-27<br/>status: <br/>created_at: 2024-05-27 11:56:36<br/>updated_at: 2024-05-27 11:56:36<br/>', NULL, 'ASIGNACIÓN', '2024-05-27', '11:56:36', '2024-05-27 15:56:36', '2024-05-27 15:56:36'),
(35, 1, 'CREACIÓN', 'EL USUARIO  REGISTRO UNA ASIGNACIÓN', 'id: 1<br/>cod: A.1<br/>nro: 1<br/>fecha_registro: 2024-05-27<br/>status: <br/>created_at: 2024-05-27 13:19:24<br/>updated_at: 2024-05-27 13:19:24<br/>', NULL, 'ASIGNACIÓN', '2024-05-27', '13:19:24', '2024-05-27 17:19:24', '2024-05-27 17:19:24'),
(36, 1, 'CREACIÓN', 'EL USUARIO  REGISTRO UN PERSONAL', 'id: 8<br/>nombre: MARCOS<br/>paterno: CHOQUEVILLCA<br/>materno: <br/>ci: 544554<br/>ci_exp: LP<br/>estado_civil: CASADO<br/>genero: HOMBRE<br/>dir: LOS OLIVOS<br/>correo: MARCOS@GMAIL.COM<br/>cel: 6565565656<br/>nombre_contacto: JUAN CHOQUEVILLCA<br/>cel_contacto: 787878<br/>foto: 1716830464_.jpg<br/>estado: ACTIVO<br/>fecha_registro: 2024-05-27<br/>created_at: 2024-05-27 13:21:04<br/>updated_at: 2024-05-27 13:21:04<br/>', NULL, 'PERSONAL', '2024-05-27', '13:21:04', '2024-05-27 17:21:04', '2024-05-27 17:21:04'),
(37, 1, 'CREACIÓN', 'EL USUARIO  REGISTRO UNA ASIGNACIÓN', 'id: 2<br/>cod: A.2<br/>nro: 2<br/>fecha_registro: 2024-05-27<br/>status: <br/>created_at: 2024-05-27 13:21:11<br/>updated_at: 2024-05-27 13:21:11<br/>', NULL, 'ASIGNACIÓN', '2024-05-27', '13:26:20', '2024-05-27 17:26:20', '2024-05-27 17:26:20'),
(38, 1, 'CREACIÓN', 'EL USUARIO  REGISTRO UNA ASIGNACIÓN', 'id: 3<br/>cod: A.3<br/>nro: 3<br/>fecha_registro: 2024-05-27<br/>status: <br/>created_at: 2024-05-27 13:26:57<br/>updated_at: 2024-05-27 13:26:57<br/>', NULL, 'ASIGNACIÓN', '2024-05-27', '13:28:15', '2024-05-27 17:28:15', '2024-05-27 17:28:15');

-- --------------------------------------------------------

--
-- Estructura de tabla para la tabla `lugars`
--

CREATE TABLE `lugars` (
  `id` bigint UNSIGNED NOT NULL,
  `nombre` varchar(255) COLLATE utf8mb4_unicode_ci NOT NULL,
  `descripcion` varchar(255) COLLATE utf8mb4_unicode_ci DEFAULT NULL,
  `capacidad` int NOT NULL,
  `lat` varchar(255) COLLATE utf8mb4_unicode_ci NOT NULL,
  `lng` varchar(255) COLLATE utf8mb4_unicode_ci NOT NULL,
  `created_at` timestamp NULL DEFAULT NULL,
  `updated_at` timestamp NULL DEFAULT NULL
) ENGINE=InnoDB DEFAULT CHARSET=utf8mb4 COLLATE=utf8mb4_unicode_ci;

--
-- Volcado de datos para la tabla `lugars`
--

INSERT INTO `lugars` (`id`, `nombre`, `descripcion`, `capacidad`, `lat`, `lng`, `created_at`, `updated_at`) VALUES
(1, 'AGUSTIN ASPIAZU', '', 10, '-16.508267', '-68.130494', '2024-05-27 17:18:47', '2024-05-27 17:18:47'),
(2, 'AGUSTIN ASPIAZU', '', 15, '-16.507622', '-68.12984', '2024-05-27 17:18:47', '2024-05-27 17:18:47'),
(3, 'AGUSTIN ASPIAZU', '', 10, '-16.506835', '-68.129097', '2024-05-27 17:18:47', '2024-05-27 17:18:47'),
(4, 'FERNANDO GUACHALLA', '', 12, '-16.509209', '-68.129562', '2024-05-27 17:18:47', '2024-05-27 17:18:47'),
(5, 'FERNANDO GUACHALLA', '', 10, '-16.508526', '-68.128866', '2024-05-27 17:18:47', '2024-05-27 17:18:47'),
(6, 'FERNANDO GUACHALLA', '20 DE OCTUBRE Y JAUREGUI', 15, '-16.507742', '-68.12807', '2024-05-27 17:18:47', '2024-05-27 17:18:47'),
(7, 'JAUREGUI', '', 29, '-16.508118', '-68.12769', '2024-05-27 17:18:47', '2024-05-27 17:18:47'),
(8, 'BELISARIO SALINAS', '20 DE OCTUBRE Y SANCHEZ LIMA', 15, '-16.510134', '-68.12717', '2024-05-27 17:18:47', '2024-05-27 17:18:47'),
(9, 'BELISARIO SALINAS', '', 30, '-16.511184', '-68.128243', '2024-05-27 17:18:47', '2024-05-27 17:18:47'),
(10, 'BELISARIO SALINAS', '', 12, '-16.512043', '-68.129133', '2024-05-27 17:18:47', '2024-05-27 17:18:47'),
(11, 'PEDRO SALAZAR', '', 11, '-16.512964', '-68.12865', '2024-05-27 17:18:47', '2024-05-27 17:18:47'),
(12, 'PEDRO SALAZAR', '', 12, '-16.512244', '-68.127894', '2024-05-27 17:18:47', '2024-05-27 17:18:47'),
(13, 'PEDRO SALAZAR', '', 12, '-16.511592', '-68.127101', '2024-05-27 17:18:47', '2024-05-27 17:18:47'),
(14, 'PEDRO SALAZAR', 'SANCHEZ LIMA Y 20 DE OCTUBRE', 6, '-16.510971', '-68.126308', '2024-05-27 17:18:47', '2024-05-27 17:18:47'),
(15, 'PRESBITERO MEDINA', '', 15, '-16.51164', '-68.127966', '2024-05-27 17:18:47', '2024-05-27 17:18:47'),
(16, 'PEDRO GARCIA', '', 10, '-16.511333', '-68.127607', '2024-05-27 17:18:47', '2024-05-27 17:18:47'),
(17, 'ECUADOR ', 'PEDRO SALAZAR Y ANDRES MUÑOZ', 15, '-16.513431', '-68.128384', '2024-05-27 17:18:47', '2024-05-27 17:18:47'),
(18, 'GREGORIO REYNOLDS', 'LUIS URIA DE LA OLIVA Y VICTOR SANJINES', 8, '-16.514061', '-68.128503', '2024-05-27 17:18:47', '2024-05-27 17:18:47'),
(19, 'MENDEZ ARCOS', 'VICTOR SANJINES Y LUIS URIA DE LA OLIVA', 12, '-16.514565', '-68.128348', '2024-05-27 17:18:47', '2024-05-27 17:18:47'),
(20, 'BENEDETO VICENTI', 'LUIS URIA DE LA OLIVA Y VICTOR SANJINES', 14, '-16.515045', '-68.128212', '2024-05-27 17:18:47', '2024-05-27 17:18:47'),
(21, 'RICARDO MUJIA', 'LUIS URIA DE LA OLIVA Y VICTOR SANJINES', 19, '-16.515806', '-68.127949', '2024-05-27 17:18:47', '2024-05-27 17:18:47'),
(22, 'FRANCISCO BEDREGAL', 'VICTOR SANJINES Y LUIS URIA DE LA OLIVA', 14, '-16.516413', '-68.128003', '2024-05-27 17:18:47', '2024-05-27 17:18:47'),
(23, 'VICTOR SANJINES', 'MENDEZ ARCOS Y BENEDETO VINCENTI', 5, '-16.514952', '-68.128802', '2024-05-27 17:18:47', '2024-05-27 17:18:47'),
(24, 'VICTOR SANJINES', 'BENEDETO VINCENTI Y RICARDO MUJIA', 9, '-16.515626', '-68.128679', '2024-05-27 17:18:47', '2024-05-27 17:18:47'),
(25, 'LUIS URIA DE LA OLIVA', 'BENEDETO VINCENTI Y G. REYNOLDS', 18, '-16.5145', '-68.127815', '2024-05-27 17:18:47', '2024-05-27 17:18:47'),
(26, 'LUIS URIA DE LA OLIVA', 'RICARDO MUJIA Y BENEDETO VINCENTI', 12, '-16.515529', '-68.127375', '2024-05-27 17:18:47', '2024-05-27 17:18:47'),
(27, 'PRESBITERO MEDINA', 'ROMECIN CAMPOS Y BENEDETO VINCENTI ', 12, '-16.515245', '-68.125973', '2024-05-27 17:18:47', '2024-05-27 17:18:47'),
(28, 'PRESBITERO MEDINA', 'BENEDETO VICENTI Y G. REYNOLDS ', 17, '-16.513928', '-68.126595', '2024-05-27 17:18:47', '2024-05-27 17:18:47'),
(29, 'PRESBITERO MEDINA', 'G. REYNOLDS Y TALTAL', 16, '-16.515104', '-68.12624', '2024-05-27 17:18:47', '2024-05-27 17:18:47'),
(30, 'PRESBITERO MEDINA', 'M. PINILLA Y PEDRO SALAZAR', 20, '-16.512214', '-68.127107', '2024-05-27 17:18:47', '2024-05-27 17:18:47'),
(31, 'LISIMACO GUTIERREZ', 'SANCHEZ LIMA Y PRESBITERO MEDINA', 14, '-16.51216', '-68.126581', '2024-05-27 17:18:47', '2024-05-27 17:18:47'),
(32, 'LISIMACO GUTIERREZ', '20 DE OCTUBRE Y SANCHEZ LIMA', 9, '-16.51171', '-68.125527', '2024-05-27 17:18:47', '2024-05-27 17:18:47'),
(33, 'SANCHEZ LIMA', 'PEDRO SALAZAR Y LISIMACO GUTIERREZ', 14, '-16.511679', '-68.126436', '2024-05-27 17:18:47', '2024-05-27 17:18:47'),
(34, 'SANCHEZ LIMA', 'LISIMACO GUTIERREZ Y BERNARDO BILBAO RIOJA', 15, '-16.512663', '-68.125389', '2024-05-27 17:18:47', '2024-05-27 17:18:47'),
(35, 'MACARIO PINILLA', '20 DE OCTUBRE Y SANCHEZ LIMA ', 16, '-16.512294', '-68.124976', '2024-05-27 17:18:47', '2024-05-27 17:18:47'),
(36, 'MACARIO PINILLA', '6 DE AGOSTO Y 20 DE OCTUBRE', 13, '-16.511656', '-68.12422', '2024-05-27 17:18:47', '2024-05-27 17:18:47'),
(37, 'ROMECIN CAMPOS', 'PASAJE VILLEGAS Y 6 DE AGOSTO', 12, '-16.513037', '-68.123086', '2024-05-27 17:18:47', '2024-05-27 17:18:47'),
(38, 'CALLE 8 DE CALACOTO', 'ENRIQUE PEÑARANDA Y JAIME MENDOZA', 13, '-16.5425514019', '-68.0909905683', '2024-05-27 17:18:47', '2024-05-27 17:18:47'),
(39, 'CALLE 14 DE CALACOTO', 'RICARDO SANCHEZ BUSTAMANTE Y JULIO PATIÑO', 18, '-16.5410783999', '-68.0848687242', '2024-05-27 17:18:47', '2024-05-27 17:18:47'),
(40, 'CALLE 10 DE CALACOTO', 'CLEMENTE INOFUENTES Y JOSE BALLIVIAN', 21, '-16.5398342853', '-68.0897475643', '2024-05-27 17:18:47', '2024-05-27 17:18:47'),
(41, 'CALLE 11 DE CALACOTO', 'CLEMENTE INOFUENTES Y JOSE BALLIVIAN', 18, '-16.5395579666', '-68.088568102', '2024-05-27 17:18:47', '2024-05-27 17:18:47'),
(42, 'RICADO SANCHEZ BUSTAMANTE', 'CALLE 14 CALACOTO Y CALLE 15 DE CALACOTOO', 10, '-16.5402634697', '-68.0845445771', '2024-05-27 17:18:47', '2024-05-27 17:18:47'),
(43, 'CALLE 13 DE CALACOTO', 'RICARDO SANCHEZ BUSTAMANTE Y JULIO PATIÑO', 19, '-16.5414441832', '-68.0858322309', '2024-05-27 17:18:47', '2024-05-27 17:18:47'),
(44, 'JULIO PATIÑO', 'CALLE 10 CALACOTO Y CALLE 12 DE CALACOTO', 8, '-16.5424423908', '-68.0867271672', '2024-05-27 17:18:47', '2024-05-27 17:18:47'),
(45, 'JULIO PATIÑO', 'CALLE 12 CALACOTO Y CALLE 13 DE CALACOTOO', 6, '-16.5422585369', '-68.0860251909', '2024-05-27 17:18:47', '2024-05-27 17:18:47'),
(46, 'JULIO PATIÑO', 'CALLE 13 CALACOTO Y CALLE 14 DE CALACOTOO', 14, '-16.5419837997', '-68.0852111898', '2024-05-27 17:18:47', '2024-05-27 17:18:47'),
(47, 'JULIO PATIÑO', 'CALLE 14 CALACOTO Y CALLE 15 DE CALACOTOO', 16, '-16.5416178077', '-68.0842008268', '2024-05-27 17:18:47', '2024-05-27 17:18:47'),
(48, 'CALLE 15 DE CALACOTO', 'RICARDO SANCHEZ BUSTAMANTE Y JULIO PATIÑO', 19, '-16.5407124065', '-68.0838583665', '2024-05-27 17:18:47', '2024-05-27 17:18:47'),
(49, 'CALLE 15 DE CALACOTO', 'RICARDO SANCHEZ BUSTAMANTE Y JULIO PATIÑO', 18, '-16.5407115834', '-68.0836709476', '2024-05-27 17:18:47', '2024-05-27 17:18:47'),
(50, 'CALLE 12 DE CALACOTO', 'RICARDO SANCHEZ BUSTAMANTE Y JULIO PATIÑO', 24, '-16.5417199025', '-68.0868711348', '2024-05-27 17:18:47', '2024-05-27 17:18:47'),
(51, 'CALLE 12 DE CALACOTO', 'JOSE BALLIVIAN Y RICARDO BUSTAMANTE', 5, '-16.5405467042', '-68.0872983554', '2024-05-27 17:18:47', '2024-05-27 17:18:47'),
(52, 'CALLE 11 DE CALACOTO', 'JOSE BALLIVIAN Y RICARDO BUSTAMANTE', 9, '-16.540821679', '-68.0881685797', '2024-05-27 17:18:47', '2024-05-27 17:18:47'),
(53, 'CALLE 10 DE CALACOTO', 'LOS NARDOS Y COSTANERA', 23, '-16.5446995856', '-68.0861448932', '2024-05-27 17:18:47', '2024-05-27 17:18:47'),
(54, 'CALLE 10 DE CALACOTO', 'JULIO PATIÑO Y LOS NARDOS', 7, '-16.5432557182', '-68.0866858548', '2024-05-27 17:18:47', '2024-05-27 17:18:47'),
(55, 'CALLE 13 DE CALACOTO', 'JULIO PATIÑO Y LOS NARDOS', 20, '-16.5429787652', '-68.0853658114', '2024-05-27 17:18:47', '2024-05-27 17:18:47'),
(56, 'CALLE 13 DE CALACOTO', 'LOS NARDOS Y LUIS NARDIN RIVAS', 10, '-16.5444231221', '-68.0849372945', '2024-05-27 17:18:47', '2024-05-27 17:18:47'),
(57, 'CALLE 13 DE CALACOTO', 'LUIS NARDIN RIVAS Y COSTANERA', 9, '-16.545235544', '-68.0846898081', '2024-05-27 17:18:47', '2024-05-27 17:18:47'),
(58, 'CALLE 15 DE CALACOTO', 'JULIO PATIÑO Y ROBERTO PRUDENCIO  ROMERIN', 18, '-16.5420665782', '-68.0834771265', '2024-05-27 17:18:47', '2024-05-27 17:18:47'),
(59, 'CALLE 15 DE CALACOTO', 'ROBERTO ROMERIN  Y LOS NARDOS', 16, '-16.5432408381', '-68.0832935271', '2024-05-27 17:18:47', '2024-05-27 17:18:47'),
(60, 'CALLE 15 DE CALACOTO', 'JOSE BALLIVIAN Y RICARDO BUSTAMANTE', 24, '-16.5396282043', '-68.0839665656', '2024-05-27 17:18:47', '2024-05-27 17:18:47'),
(61, 'CALLE 15 DE CALACOTO', 'CLEMENTE INOFUENTES Y JOSE BALLIVIAN', 14, '-16.5388157415', '-68.0842046758', '2024-05-27 17:18:47', '2024-05-27 17:18:47'),
(62, 'CALLE 8 DE CALACOTO', 'JOSE BALLIVIAN Y RICARDO BUSTAMANTE', 6, '-16.5416485828', '-68.0912384479', '2024-05-27 17:18:47', '2024-05-27 17:18:47'),
(63, 'CALLE 14 DE CALACOTO', 'JOSE BALLIVIAN Y RICARDO BUSTAMANTE', 10, '-16.5399952243', '-68.0852111908', '2024-05-27 17:18:47', '2024-05-27 17:18:47'),
(64, 'CALLE 14 DE CALACOTO', 'LOS NARDOS Y COSTANERA', 14, '-16.5448685606', '-68.0834545221', '2024-05-27 17:18:47', '2024-05-27 17:18:47'),
(65, 'RICADO SANCHEZ BUSTAMANTE', 'CALLE 13 CALACOTO Y CALLE 14 DE CALACOTOO', 17, '-16.5406296241', '-68.0855924177', '2024-05-27 17:18:47', '2024-05-27 17:18:47'),
(66, 'CALLE 15 DE CALACOTO', ' ROBERTO PRUDENCIO  ROMERIN Y ADOLFO GONZALEZ', 13, '-16.5426075877', '-68.0831746923', '2024-05-27 17:18:47', '2024-05-27 17:18:47'),
(67, 'CALLE 15 DE CALACOTO', 'AADOLFO GONZALEZ Y LOS NARDOS', 14, '-16.5436012774', '-68.0830388', '2024-05-27 17:18:47', '2024-05-27 17:18:47'),
(68, 'CALLE 9 DE CALACOTO', 'RICARDO BUSTAMANTE Y FINAL CALLE 9 DE CALACOTO', 12, '-16.5421876849', '-68.0904955968', '2024-05-27 17:18:47', '2024-05-27 17:18:47'),
(69, 'LAS HIGUERA', 'CALLE 10 DE CALACOTO Y KANTUTAS', 13, '-16.5425405661', '-68.0885072402', '2024-05-27 17:18:47', '2024-05-27 17:18:47'),
(70, 'LOS MANZANOS', 'CALLE 10 DE CALACOTO Y KANTUTAS', 11, '-16.5429001931', '-68.0880651022', '2024-05-27 17:18:47', '2024-05-27 17:18:47'),
(71, 'LAS KANTUTAS', 'HIGUERAS Y LOS SAUCES', 13, '-16.543443545', '-68.088296831', '2024-05-27 17:18:47', '2024-05-27 17:18:47'),
(72, 'LOS NARDOS', 'CALLE 10 DE CALACOTO Y COSTANERA', 23, '-16.5446147365', '-68.087410423', '2024-05-27 17:18:47', '2024-05-27 17:18:47'),
(73, 'CALLE 12 DE CALACOTO', 'JULIO PATIÑO Y LOS NARDOS', 14, '-16.5434345652', '-68.0862445631', '2024-05-27 17:18:47', '2024-05-27 17:18:47'),
(74, 'CALLE 12 DE CALACOTO', 'LOS NARDOS Y COSTANERA', 16, '-16.5445177832', '-68.0859114662', '2024-05-27 17:18:47', '2024-05-27 17:18:47'),
(75, 'CALLE 12 DE CALACOTO', 'LOS NARDOS Y COSTANERA', 20, '-16.5444251771', '-68.085405851', '2024-05-27 17:18:47', '2024-05-27 17:18:47'),
(76, 'CALLE 12 DE CALACOTO', 'JULIO PATIÑO Y LOS NARDOS', 13, '-16.5433418779', '-68.0857202083', '2024-05-27 17:18:47', '2024-05-27 17:18:47'),
(77, 'CALLE S/N', 'CALLE 9 DE CALACOTO Y CALLE 8 DE CALACOTO', 13, '-16.5399310869', '-68.0912183757', '2024-05-27 17:18:47', '2024-05-27 17:18:47'),
(78, 'CALLE 3 DE OBRAJES', 'HERNANDO SILES Y HECTOR ORMACHEA', 14, '-16.5243837841', '-68.1121777257', '2024-05-27 17:18:47', '2024-05-27 17:18:47'),
(79, 'CALLE 3 DE OBRAJES', '14 DE SEPTIEMBRE Y HERNANDO SILES', 11, '-16.5237493893', '-68.1117870683', '2024-05-27 17:18:47', '2024-05-27 17:18:47'),
(80, 'CALLE 4 DE OBRAJES', 'HERNANDO SILES Y 14 DE SEPTIEMBRE', 19, '-16.5241977442', '-68.1109416826', '2024-05-27 17:18:47', '2024-05-27 17:18:47'),
(81, 'CALLE 4 DE OBRAJES', 'HERNANDO SILES Y HECTOR ORMACHEA', 17, '-16.5248320606', '-68.1113135975', '2024-05-27 17:18:47', '2024-05-27 17:18:47'),
(82, 'CALLE 6 DE OBRAJES', '14 DE SEPTIEMBRE Y HERNANDO SILES', 10, '-16.5250052932', '-68.1095417921', '2024-05-27 17:18:47', '2024-05-27 17:18:47'),
(83, 'CALLE 7 DE OBRAJES', 'HERNANDO SILES Y HECTOR ORMACHEA', 15, '-16.5260879585', '-68.1090683057', '2024-05-27 17:18:47', '2024-05-27 17:18:47'),
(84, 'CALLE 7 DE OBRAJES', '14 DE SEPTIEMBRE Y HERNANDO SILES', 16, '-16.5254536784', '-68.1087057664', '2024-05-27 17:18:47', '2024-05-27 17:18:47'),
(85, 'CALLE 8 DE OBRAJES', '14 DE SEPTIEMBRE Y HERNANDO SILES', 11, '-16.5259023802', '-68.1079446993', '2024-05-27 17:18:47', '2024-05-27 17:18:47'),
(86, 'CALLE 9 DE OBRAJES', 'HERNANDO SILES Y HECTOR ORMACHEA', 15, '-16.5267155175', '-68.107856631', '2024-05-27 17:18:47', '2024-05-27 17:18:47'),
(87, 'CALLE 9 DE OBRAJES', '14 DE SEPTIEMBRE Y HERNANDO SILES', 15, '-16.526171664', '-68.1075030498', '2024-05-27 17:18:47', '2024-05-27 17:18:47'),
(88, 'CALLE 11 DE OBRAJES', '14 DE SEPTIEMBRE Y HERNANDO SILES', 16, '-16.5269789076', '-68.1060375392', '2024-05-27 17:18:47', '2024-05-27 17:18:47'),
(89, 'CALLE 11 DE OBRAJES', 'HERNANDO SILES Y HECTOR ORMACHEA', 8, '-16.5276131118', '-68.1063813314', '2024-05-27 17:18:47', '2024-05-27 17:18:47'),
(90, 'CALLE 12 DE OBRAJES', 'HERNANDO SILES Y HECTOR ORMACHEA', 11, '-16.5280614432', '-68.1055359171', '2024-05-27 17:18:47', '2024-05-27 17:18:47'),
(91, 'CALLE 12 DE OBRAJES', '14 DE SEPTIEMBRE Y HERNANDO SILES', 22, '-16.5274271574', '-68.1051733863', '2024-05-27 17:18:47', '2024-05-27 17:18:47'),
(92, 'CALLE 13 DE OBRAJES', '14 DE SEPTIEMBRE Y HERNANDO SILES', 8, '-16.5277858991', '-68.1045157946', '2024-05-27 17:18:47', '2024-05-27 17:18:47'),
(93, 'CALLE 13 DE OBRAJES', 'HERNANDO SILES Y HECTOR ORMACHEA', 12, '-16.5284202261', '-68.1048876942', '2024-05-27 17:18:47', '2024-05-27 17:18:47'),
(94, 'CALLE 14 DE OBRAJES', 'HERNANDO SILES Y HECTOR ORMACHEA', 16, '-16.5288685108', '-68.1040329027', '2024-05-27 17:18:47', '2024-05-27 17:18:47'),
(95, 'CALLE 14 DE OBRAJES', '14 DE SEPTIEMBRE Y HERNANDO SILES', 13, '-16.5282342227', '-68.1036703756', '2024-05-27 17:18:47', '2024-05-27 17:18:47'),
(96, 'CALLE 15 DE OBRAJES', 'HERNANDO SILES Y HECTOR ORMACHEA', 9, '-16.5291368199', '-68.1033663508', '2024-05-27 17:18:47', '2024-05-27 17:18:47'),
(97, 'CALLE 15 DE OBRAJES', '14 DE SEPTIEMBRE Y HERNANDO SILES', 14, '-16.5285929996', '-68.1030221489', '2024-05-27 17:18:47', '2024-05-27 17:18:47'),
(98, 'CALLE 2 DE OBRAJES', 'HERNANDO SILES Y HECTOR ORMACHEA', 12, '-16.5239347475', '-68.112863816', '2024-05-27 17:18:47', '2024-05-27 17:18:47'),
(99, 'CALLE 2 DE OBRAJES', '14 DE SEPTIEMBRE Y HERNANDO SILES', 9, '-16.5233910613', '-68.1125477057', '2024-05-27 17:18:47', '2024-05-27 17:18:47'),
(100, 'CALLE 8 DE OBRAJES', 'HERNANDO SILES Y HECTOR ORMACHEA', 9, '-16.5264467132', '-68.1084107251', '2024-05-27 17:18:47', '2024-05-27 17:18:47'),
(101, 'CALLE 10 DE OBRAJES', 'HERNANDO SILES Y HECTOR ORMACHEA', 5, '-16.5271639754', '-68.1070393349', '2024-05-27 17:18:47', '2024-05-27 17:18:47'),
(102, 'HECTOR ORMACHEA', 'CALLE 1 DE OBRAJES Y CALLE 2 DE OBRAJES', 34, '-16.5229470731', '-68.1144238027', '2024-05-27 17:18:47', '2024-05-27 17:18:47'),
(103, 'HECTOR ORMACHEA', 'CALLE 2 DE OBRAJES Y CALLE 3 DE OBRAJES', 11, '-16.5244762042', '-68.1126551947', '2024-05-27 17:18:47', '2024-05-27 17:18:47'),
(104, 'HECTOR ORMACHEA', 'CALLE 8 DE OBRAJES Y CALLE 9 DE OBRAJES', 13, '-16.5269885247', '-68.1082864217', '2024-05-27 17:18:47', '2024-05-27 17:18:47'),
(105, 'CALLE 5 DE OBRAJES', '14 DE SEPTIEMBRE Y HERNANDO SILES', 4, '-16.5246466544', '-68.1102274764', '2024-05-27 17:18:47', '2024-05-27 17:18:47'),
(106, 'CALLE 8 DE OBRAJES', 'HECTOR ORMACHEA Y ANTONIO DIAZ VILLAMIL', 15, '-16.5270807538', '-68.108717043', '2024-05-27 17:18:47', '2024-05-27 17:18:47'),
(107, 'ABELARDO PRIETO ECHALAR', 'DE LOS LEONES Y CALLE 1 DE OBRAJES', 12, '-16.521589532', '-68.1140270669', '2024-05-27 17:18:47', '2024-05-27 17:18:47'),
(108, 'CALLE 1 DE OBRAJES', '14 DE SEPTIEMBRE Y HERNANDO SILES', 3, '-16.5226745156', '-68.1140970831', '2024-05-27 17:18:47', '2024-05-27 17:18:47'),
(109, 'CALLE 1 DE OBRAJES', 'ABELARDO PRIETO ECHALAR Y 14 DE SEPTIEMBRE', 3, '-16.5220398061', '-68.1136314614', '2024-05-27 17:18:47', '2024-05-27 17:18:47'),
(110, 'CALLE 6 DE OBRAJES', 'COSTANERA Y ANTONIO DIAS VILLAMIL', 25, '-16.5269984369', '-68.1106102685', '2024-05-27 17:18:47', '2024-05-27 17:18:47'),
(111, 'CALLE 6 DE OBRAJES', 'ANTONIO  DIAS VILLAMIL Y HECTOR ORMACHEA', 15, '-16.5262733312', '-68.110145063', '2024-05-27 17:18:47', '2024-05-27 17:18:47'),
(112, 'CALLE 7 DE OBRAJES', 'ANTONIO DIAZ VILLAMIL Y HECTOR ORMACHEA', 19, '-16.5266317296', '-68.1094031506', '2024-05-27 17:18:47', '2024-05-27 17:18:47'),
(113, 'ANTONIO DIAZ VILLAMIL', 'CALLE 7 DE OBRAJES Y CALLE 8 DE OBRAJES', 9, '-16.5270828333', '-68.1092043014', '2024-05-27 17:18:47', '2024-05-27 17:18:47'),
(114, 'CALLE 14 DE OBRAJES', '14 DE SEPTIEMBRE Y FELIX VEINTEMILLAS', 10, '-16.5275998534', '-68.1032891101', '2024-05-27 17:18:47', '2024-05-27 17:18:47'),
(115, 'ANTONIO DIAS VILLAMIL', 'CALLE 9 DE OBRAJES Y CALLE 10 DE OBRAJES', 10, '-16.5278005011', '-68.107926613', '2024-05-27 17:18:47', '2024-05-27 17:18:47'),
(116, 'CALLE 11 DE OBRAJES', 'ANTONIO DIAS VILLAMIL Y GUIDO CAPRA', 27, '-16.5287919717', '-68.1072661168', '2024-05-27 17:18:47', '2024-05-27 17:18:47'),
(117, 'CALLE 13 DE OBRAJES', 'HECTOR ORMACHEA Y GUIDO CAPRA JEMIO', 4, '-16.5287828649', '-68.1051390296', '2024-05-27 17:18:47', '2024-05-27 17:18:47'),
(118, 'CALLE 11 DE OBRAJES', 'HECTOR ORMACHEA Y ANTONIO DIAZ VILLAMIL', 12, '-16.5280673001', '-68.1069039946', '2024-05-27 17:18:47', '2024-05-27 17:18:47'),
(119, 'GUIDO CAPRA JEMIO', 'CALLE 15 DE OBRAJES Y CALLE 16 DE OBRAJES', 19, '-16.5297674458', '-68.1028761658', '2024-05-27 17:18:47', '2024-05-27 17:18:47'),
(120, 'ANTONIO DIAS VILLAMIL', 'CALLE 6 DE OBRAJES Y CALLE 7 DE OBRAJES', 5, '-16.5266341669', '-68.1099747409', '2024-05-27 17:18:47', '2024-05-27 17:18:47'),
(121, 'ANTONIO DIAS VILLAMIL', 'CALLE 5 DE OBRAJES Y CALLE 6 DE OBRAJES', 6, '-16.5261860163', '-68.1108669911', '2024-05-27 17:18:47', '2024-05-27 17:18:47'),
(122, 'CALLE 6 DE OBRAJES', '14 DE SEPTIEMBRE Y H', 10, '-16.5242804253', '-68.1091328164', '2024-05-27 17:18:47', '2024-05-27 17:18:47'),
(123, 'ABELARDO PRIETO ECHALAR', 'CALLE 1 DE OBAJES Y LOS ALAMOS', 10, '-16.5220386128', '-68.1133503577', '2024-05-27 17:18:47', '2024-05-27 17:18:47'),
(124, 'MECAPACA', 'CALLE S/N Y 17 DE OBRAJES', 14, '-16.5305681545', '-68.0999019593', '2024-05-27 17:18:47', '2024-05-27 17:18:47'),
(125, 'MECAPACA', 'ANDRES BARRAGAN Y CALLE S/N', 4, '-16.5311066847', '-68.0990186169', '2024-05-27 17:18:47', '2024-05-27 17:18:47'),
(126, 'CALLE 10 DE OBRAJES', 'CALLE A Y CALLE H', 5, '-16.5258024117', '-68.1057056159', '2024-05-27 17:18:47', '2024-05-27 17:18:47'),
(127, 'FELIX VEINTEMILLAS', 'CALLE SANCHEZ Y PASAJE 3', 10, '-16.526431116', '-68.1047656723', '2024-05-27 17:18:47', '2024-05-27 17:18:47'),
(128, 'CALLE 7 DE OBRAJES', '14 DE SEPTIEMBRE Y CALLLE H', 6, '-16.5249099063', '-68.1083709253', '2024-05-27 17:18:47', '2024-05-27 17:18:47'),
(129, 'FELIX VEINTEMILLAS', '14 DE SEPTIEMBRE Y SANCHEZ', 7, '-16.5263441008', '-68.1055531946', '2024-05-27 17:18:47', '2024-05-27 17:18:47'),
(130, '14 DE SEPTIEMBRE', 'CALLE S/N Y CALLE 19 DE OBRAJES', 13, '-16.5307431085', '-68.0985517689', '2024-05-27 17:18:47', '2024-05-27 17:18:47'),
(131, '14 DE SEPTIEMBRE', 'CALLE 17 DE OBRAJES Y CALLE S/N', 16, '-16.5299342235', '-68.0996237774', '2024-05-27 17:18:47', '2024-05-27 17:18:47'),
(132, 'CALLE 9 DE CALACOTO', 'CLEMENTE INOFUENTES Y JOSE BALLIVIAN', 21, '-16.540127449968', '-68.090645817586', '2024-05-27 17:18:47', '2024-05-27 17:18:47'),
(133, 'CALLE 9 DE CALACOTO', 'JOSE BALLIVIAN Y RICARDO BUSTAMANTE', 11, '-16.541463926799', '-68.090349049322', '2024-05-27 17:18:47', '2024-05-27 17:18:47'),
(134, 'LUIS NARDIN RIVAS', 'CALLE 14 DE CALACOTO Y CALLE 13 DE CALACOTO', 16, '-16.544745475085', '-68.084242295599', '2024-05-27 17:18:47', '2024-05-27 17:18:47'),
(135, 'LAS KANTUTAS', 'HIGERAS Y MANZANOS', 5, '-16.543056023268', '-68.088561046854', '2024-05-27 17:18:47', '2024-05-27 17:18:47'),
(136, 'LAS KANTUTAS', 'MANZANOS Y SAUCES', 10, '-16.543632007893', '-68.087986693038', '2024-05-27 17:18:47', '2024-05-27 17:18:47'),
(137, 'CALLE 12 DE OBRAJES', 'GUIDO CAPRA JEMIO Y HECTOR HORMACHEA', 20, '-16.528868188951', '-68.10606632748', '2024-05-27 17:18:47', '2024-05-27 17:18:47'),
(138, 'GUIDO CAPRA JEMIO', 'CALLE 3 DE OBRAJE Y 5 DE OBRAJES', 22, '-16.526426649091', '-68.112187131805', '2024-05-27 17:18:47', '2024-05-27 17:18:47'),
(139, 'ROMECIN CAMPOS', '6 DE AGOSTO Y ANICETO ARCE', 14, '-16.512322883435', '-68.122211693358', '2024-05-27 17:18:47', '2024-05-27 17:18:47'),
(140, 'GOSALVEZ', '6 DE AGOSTO Y ANICETO ARCE', 16, '-16.511980978995', '-68.122588030188', '2024-05-27 17:18:47', '2024-05-27 17:18:47'),
(141, 'CORDERO', '6 DE AGOSTO Y ANICETO ARCE', 16, '-16.513259424835', '-68.121373544774', '2024-05-27 17:18:47', '2024-05-27 17:18:47'),
(142, 'ASPIAZU', 'ECUADOR Y ARMANDO CHIRVECHES', 18, '-16.50889147426', '-68.131690575559', '2024-05-27 17:18:47', '2024-05-27 17:18:47'),
(143, 'GUACHALLA', 'JACINTO BENAVENTE Y ECUADOR', 20, '-16.510223742886', '-68.130363490004', '2024-05-27 17:18:48', '2024-05-27 17:18:48'),
(144, 'GUACHALLA', 'PASAJE ARGUEDAS Y S/N', 11, '-16.511048975066', '-68.131006316689', '2024-05-27 17:18:48', '2024-05-27 17:18:48'),
(145, 'ROSENDO GUTIERREZ', 'ECUADOR Y JACINTO BENAVENTE', 12, '-16.510835035181', '-68.129554953953', '2024-05-27 17:18:48', '2024-05-27 17:18:48'),
(146, 'ROSENDO GUTIERREZ', 'JACINTO BENAVENTE Y ABDON SAAVEDRA', 21, '-16.511787984621', '-68.130478303048', '2024-05-27 17:18:48', '2024-05-27 17:18:48'),
(147, 'CALLE 5 DE OBRAJES', '14 DE SEPTIEMBRE Y CALLE SIN NOMBRE', 19, '-16.523523398374', '-68.109661027612', '2024-05-27 17:18:48', '2024-05-27 17:18:48'),
(148, 'CALLE 10 DE OBRAJES', 'CALLE H Y CALLE D', 6, '-16.525673177805', '-68.105078389881', '2024-05-27 17:18:48', '2024-05-27 17:18:48'),
(149, 'RICADO SANCHEZ BUSTAMANTE', 'CALLE 12 CALACOTO Y CALLE 13 DE CALACOTOO', 5, '-16.540868984039', '-68.086584632259', '2024-05-27 17:18:48', '2024-05-27 17:18:48'),
(150, 'CALLE 8 DE CALACOTO', 'ROBERTO KENNEDY Y ROBERTO KENNEDY', 13, '-16.543607757603', '-68.090713852894', '2024-05-27 17:18:48', '2024-05-27 17:18:48'),
(151, 'CALLE 14 DE CALACOTO', 'CLEMENTE INOFUENTES Y JOSE BALLIVIAN', 9, '-16.539129061054', '-68.085571373237', '2024-05-27 17:18:48', '2024-05-27 17:18:48'),
(152, 'RICADO SANCHEZ BUSTAMANTE', 'CALLE 10 CALACOTO Y CALLE 11 DE CALACOTO', 8, '-16.541382985508', '-68.088372108784', '2024-05-27 17:18:48', '2024-05-27 17:18:48'),
(153, 'RICADO SANCHEZ BUSTAMANTE', 'CALLE 11 CALACOTO Y CALLE 12 DE CALACOTO', 12, '-16.541153656332', '-68.087604749943', '2024-05-27 17:18:48', '2024-05-27 17:18:48'),
(154, 'CALLE 10 DE CALACOTO', 'JOSE BALLIVIAN Y RICARDO BUSTAMANTE', 7, '-16.54113337819', '-68.08916983067', '2024-05-27 17:18:48', '2024-05-27 17:18:48');

-- --------------------------------------------------------

--
-- Estructura de tabla para la tabla `migrations`
--

CREATE TABLE `migrations` (
  `id` int UNSIGNED NOT NULL,
  `migration` varchar(255) COLLATE utf8mb4_unicode_ci NOT NULL,
  `batch` int NOT NULL
) ENGINE=InnoDB DEFAULT CHARSET=utf8mb4 COLLATE=utf8mb4_unicode_ci;

--
-- Volcado de datos para la tabla `migrations`
--

INSERT INTO `migrations` (`id`, `migration`, `batch`) VALUES
(1, '2014_10_12_000000_create_users_table', 1),
(2, '2019_12_14_000001_create_personal_access_tokens_table', 1),
(3, '2024_01_31_165641_create_configuracions_table', 1),
(4, '2024_02_02_205431_create_historial_accions_table', 1),
(5, '2024_05_23_170031_create_lugars_table', 2),
(6, '2024_05_23_170032_create_personals_table', 2),
(7, '2024_05_23_170044_create_entrenamientos_table', 2),
(8, '2024_05_23_170050_create_detalle_entrenamientos_table', 2),
(9, '2024_05_24_120034_create_asignacions_table', 2),
(10, '2024_05_24_120042_create_asignacion_detalles_table', 3),
(11, '2024_05_24_120255_create_asignacion_personals_table', 3),
(12, '2024_05_24_131117_create_api_maps_table', 4);

-- --------------------------------------------------------

--
-- Estructura de tabla para la tabla `personals`
--

CREATE TABLE `personals` (
  `id` bigint UNSIGNED NOT NULL,
  `nombre` varchar(255) COLLATE utf8mb4_unicode_ci NOT NULL,
  `paterno` varchar(255) COLLATE utf8mb4_unicode_ci DEFAULT NULL,
  `materno` varchar(255) COLLATE utf8mb4_unicode_ci DEFAULT NULL,
  `ci` varchar(255) COLLATE utf8mb4_unicode_ci NOT NULL,
  `ci_exp` varchar(255) COLLATE utf8mb4_unicode_ci NOT NULL,
  `estado_civil` varchar(255) COLLATE utf8mb4_unicode_ci NOT NULL,
  `genero` varchar(255) COLLATE utf8mb4_unicode_ci NOT NULL,
  `dir` varchar(255) COLLATE utf8mb4_unicode_ci DEFAULT NULL,
  `correo` varchar(255) COLLATE utf8mb4_unicode_ci DEFAULT NULL,
  `cel` varchar(255) COLLATE utf8mb4_unicode_ci DEFAULT NULL,
  `nombre_contacto` varchar(255) COLLATE utf8mb4_unicode_ci DEFAULT NULL,
  `cel_contacto` varchar(255) COLLATE utf8mb4_unicode_ci DEFAULT NULL,
  `foto` varchar(255) COLLATE utf8mb4_unicode_ci DEFAULT NULL,
  `estado` varchar(255) COLLATE utf8mb4_unicode_ci NOT NULL,
  `fecha_registro` date DEFAULT NULL,
  `created_at` timestamp NULL DEFAULT NULL,
  `updated_at` timestamp NULL DEFAULT NULL
) ENGINE=InnoDB DEFAULT CHARSET=utf8mb4 COLLATE=utf8mb4_unicode_ci;

--
-- Volcado de datos para la tabla `personals`
--

INSERT INTO `personals` (`id`, `nombre`, `paterno`, `materno`, `ci`, `ci_exp`, `estado_civil`, `genero`, `dir`, `correo`, `cel`, `nombre_contacto`, `cel_contacto`, `foto`, `estado`, `fecha_registro`, `created_at`, `updated_at`) VALUES
(1, 'JUAN', 'PERES', 'MAMANI', '123123', 'LP', 'SOLTERO', 'HOMBRE', 'LOS OLIVOS', 'JUAN@GMAIL.COM', '7777777', 'MARTIN MAMANI', '78787878', '1716570099_.jpg', 'ACTIVO', '2024-05-24', '2024-05-24 17:01:39', '2024-05-27 14:34:33'),
(2, 'MARIA', 'JUARES', 'CORTEZ', '67676', 'LP', 'CASADO', 'MUJER', 'LOS OLIVOS #2', 'MARIA@GMAIL.COM', '78787667', '', '', NULL, 'ACTIVO', '2024-05-24', '2024-05-24 17:02:09', '2024-05-24 17:02:09'),
(3, 'CARLOS', 'MARTINEZ', 'MARTINEZ', '4323423', 'SC', 'DIVORCIADO', 'HOMBRE', 'LOS OLIVOS', 'CARLOS@GMAIL.COM', '', '', '', NULL, 'ACTIVO', '2024-05-24', '2024-05-24 17:02:28', '2024-05-24 17:02:28'),
(4, 'ALEX', 'GONZALES', '', '34232', 'LP', 'CASADO', 'HOMBRE', 'LOS OLIVOS', '', '', '', '', NULL, 'ACTIVO', '2024-05-24', '2024-05-24 17:02:43', '2024-05-24 17:02:43'),
(5, 'JAIME', 'SUAREZ', '', '2323', 'LP', 'SOLTERO', 'HOMBRE', 'LOS OLIVOS', '', '', '', '', NULL, 'ACTIVO', '2024-05-24', '2024-05-24 17:02:57', '2024-05-24 17:02:57'),
(6, 'FELIX', 'MARTINEZ', 'MAMANI', '54454', 'LP', 'SOLTERO', 'HOMBRE', 'LOS OLIVOS', '', '', '', '', NULL, 'ACTIVO', '2024-05-27', '2024-05-27 15:30:42', '2024-05-27 15:30:42'),
(7, 'ROXANA', 'MARQUEZ', '', '433434', 'LP', 'SOLTERO', 'MUJER', 'LOS OLIVOS', '', '', '', '', NULL, 'ACTIVO', '2024-05-27', '2024-05-27 15:45:25', '2024-05-27 15:45:25'),
(8, 'MARCOS', 'CHOQUEVILLCA', '', '544554', 'LP', 'CASADO', 'HOMBRE', 'LOS OLIVOS', 'MARCOS@GMAIL.COM', '6565565656', 'JUAN CHOQUEVILLCA', '787878', '1716830464_.jpg', 'ACTIVO', '2024-05-27', '2024-05-27 17:21:04', '2024-05-27 17:21:04');

-- --------------------------------------------------------

--
-- Estructura de tabla para la tabla `personal_access_tokens`
--

CREATE TABLE `personal_access_tokens` (
  `id` bigint UNSIGNED NOT NULL,
  `tokenable_type` varchar(255) COLLATE utf8mb4_unicode_ci NOT NULL,
  `tokenable_id` bigint UNSIGNED NOT NULL,
  `name` varchar(255) COLLATE utf8mb4_unicode_ci NOT NULL,
  `token` varchar(64) COLLATE utf8mb4_unicode_ci NOT NULL,
  `abilities` text COLLATE utf8mb4_unicode_ci,
  `last_used_at` timestamp NULL DEFAULT NULL,
  `expires_at` timestamp NULL DEFAULT NULL,
  `created_at` timestamp NULL DEFAULT NULL,
  `updated_at` timestamp NULL DEFAULT NULL
) ENGINE=InnoDB DEFAULT CHARSET=utf8mb4 COLLATE=utf8mb4_unicode_ci;

-- --------------------------------------------------------

--
-- Estructura de tabla para la tabla `users`
--

CREATE TABLE `users` (
  `id` bigint UNSIGNED NOT NULL,
  `usuario` varchar(255) COLLATE utf8mb4_unicode_ci NOT NULL,
  `password` varchar(255) COLLATE utf8mb4_unicode_ci NOT NULL,
  `nombre` varchar(255) COLLATE utf8mb4_unicode_ci NOT NULL,
  `paterno` varchar(255) COLLATE utf8mb4_unicode_ci DEFAULT NULL,
  `materno` varchar(255) COLLATE utf8mb4_unicode_ci DEFAULT NULL,
  `ci` varchar(255) COLLATE utf8mb4_unicode_ci NOT NULL,
  `ci_exp` varchar(255) COLLATE utf8mb4_unicode_ci NOT NULL,
  `dir` varchar(255) COLLATE utf8mb4_unicode_ci DEFAULT NULL,
  `email` varchar(255) COLLATE utf8mb4_unicode_ci DEFAULT NULL,
  `fono` varchar(255) COLLATE utf8mb4_unicode_ci NOT NULL,
  `tipo` varchar(255) COLLATE utf8mb4_unicode_ci NOT NULL,
  `foto` varchar(255) COLLATE utf8mb4_unicode_ci DEFAULT NULL,
  `acceso` int NOT NULL DEFAULT '1',
  `fecha_registro` date DEFAULT NULL,
  `created_at` timestamp NULL DEFAULT NULL,
  `updated_at` timestamp NULL DEFAULT NULL
) ENGINE=InnoDB DEFAULT CHARSET=utf8mb4 COLLATE=utf8mb4_unicode_ci;

--
-- Volcado de datos para la tabla `users`
--

INSERT INTO `users` (`id`, `usuario`, `password`, `nombre`, `paterno`, `materno`, `ci`, `ci_exp`, `dir`, `email`, `fono`, `tipo`, `foto`, `acceso`, `fecha_registro`, `created_at`, `updated_at`) VALUES
(1, 'admin', '$2y$12$CGYwKg11Ag4//4DhRCyoQudbDJ7rfaDwCY0ndCsa5.JzlLtPW9RmO', 'admin', 'admin', '', '0', 'LP', '', '', '', 'ADMINISTRADOR', '', 1, NULL, '2024-05-17 20:58:21', '2024-05-17 20:58:21'),
(2, 'JPERES', '$2y$12$S3MdcZ11FCxwLWPsNHZraeffi2LHPrDckTFZ9xyx0/n00RuTkW4E6', 'JUAN', 'PERES', 'MAMANI', '1111', 'LP', 'LOS OLIVOS', 'JUAN@GMAIL.COM', '76767676', 'SUPERVISOR DE PERSONAL', '1716819370_JPERES.jpg', 1, '2024-05-27', '2024-05-27 14:16:10', '2024-05-27 14:16:23');

--
-- Índices para tablas volcadas
--

--
-- Indices de la tabla `api_maps`
--
ALTER TABLE `api_maps`
  ADD PRIMARY KEY (`id`);

--
-- Indices de la tabla `asignacions`
--
ALTER TABLE `asignacions`
  ADD PRIMARY KEY (`id`),
  ADD UNIQUE KEY `asignacions_cod_unique` (`cod`);

--
-- Indices de la tabla `asignacion_detalles`
--
ALTER TABLE `asignacion_detalles`
  ADD PRIMARY KEY (`id`),
  ADD KEY `asignacion_detalles_asignacion_id_foreign` (`asignacion_id`),
  ADD KEY `asignacion_detalles_lugar_id_foreign` (`lugar_id`),
  ADD KEY `asignacion_detalles_detalle_entrenamiento_id_foreign` (`detalle_entrenamiento_id`);

--
-- Indices de la tabla `asignacion_personals`
--
ALTER TABLE `asignacion_personals`
  ADD PRIMARY KEY (`id`),
  ADD KEY `asignacion_personals_asignacion_detalle_id_foreign` (`asignacion_detalle_id`),
  ADD KEY `asignacion_personals_personal_id_foreign` (`personal_id`);

--
-- Indices de la tabla `configuracions`
--
ALTER TABLE `configuracions`
  ADD PRIMARY KEY (`id`);

--
-- Indices de la tabla `detalle_entrenamientos`
--
ALTER TABLE `detalle_entrenamientos`
  ADD PRIMARY KEY (`id`),
  ADD KEY `detalle_entrenamientos_entrenamiento_id_foreign` (`entrenamiento_id`),
  ADD KEY `detalle_entrenamientos_lugar_id_foreign` (`lugar_id`);

--
-- Indices de la tabla `entrenamientos`
--
ALTER TABLE `entrenamientos`
  ADD PRIMARY KEY (`id`),
  ADD UNIQUE KEY `entrenamientos_cod_unique` (`cod`);

--
-- Indices de la tabla `historial_accions`
--
ALTER TABLE `historial_accions`
  ADD PRIMARY KEY (`id`);

--
-- Indices de la tabla `lugars`
--
ALTER TABLE `lugars`
  ADD PRIMARY KEY (`id`);

--
-- Indices de la tabla `migrations`
--
ALTER TABLE `migrations`
  ADD PRIMARY KEY (`id`);

--
-- Indices de la tabla `personals`
--
ALTER TABLE `personals`
  ADD PRIMARY KEY (`id`);

--
-- Indices de la tabla `personal_access_tokens`
--
ALTER TABLE `personal_access_tokens`
  ADD PRIMARY KEY (`id`),
  ADD UNIQUE KEY `personal_access_tokens_token_unique` (`token`),
  ADD KEY `personal_access_tokens_tokenable_type_tokenable_id_index` (`tokenable_type`,`tokenable_id`);

--
-- Indices de la tabla `users`
--
ALTER TABLE `users`
  ADD PRIMARY KEY (`id`),
  ADD UNIQUE KEY `users_usuario_unique` (`usuario`);

--
-- AUTO_INCREMENT de las tablas volcadas
--

--
-- AUTO_INCREMENT de la tabla `api_maps`
--
ALTER TABLE `api_maps`
  MODIFY `id` bigint UNSIGNED NOT NULL AUTO_INCREMENT, AUTO_INCREMENT=2;

--
-- AUTO_INCREMENT de la tabla `asignacions`
--
ALTER TABLE `asignacions`
  MODIFY `id` bigint UNSIGNED NOT NULL AUTO_INCREMENT, AUTO_INCREMENT=4;

--
-- AUTO_INCREMENT de la tabla `asignacion_detalles`
--
ALTER TABLE `asignacion_detalles`
  MODIFY `id` bigint UNSIGNED NOT NULL AUTO_INCREMENT, AUTO_INCREMENT=463;

--
-- AUTO_INCREMENT de la tabla `asignacion_personals`
--
ALTER TABLE `asignacion_personals`
  MODIFY `id` bigint UNSIGNED NOT NULL AUTO_INCREMENT, AUTO_INCREMENT=24;

--
-- AUTO_INCREMENT de la tabla `configuracions`
--
ALTER TABLE `configuracions`
  MODIFY `id` bigint UNSIGNED NOT NULL AUTO_INCREMENT, AUTO_INCREMENT=2;

--
-- AUTO_INCREMENT de la tabla `detalle_entrenamientos`
--
ALTER TABLE `detalle_entrenamientos`
  MODIFY `id` bigint UNSIGNED NOT NULL AUTO_INCREMENT, AUTO_INCREMENT=155;

--
-- AUTO_INCREMENT de la tabla `entrenamientos`
--
ALTER TABLE `entrenamientos`
  MODIFY `id` bigint UNSIGNED NOT NULL AUTO_INCREMENT, AUTO_INCREMENT=2;

--
-- AUTO_INCREMENT de la tabla `historial_accions`
--
ALTER TABLE `historial_accions`
  MODIFY `id` bigint UNSIGNED NOT NULL AUTO_INCREMENT, AUTO_INCREMENT=39;

--
-- AUTO_INCREMENT de la tabla `lugars`
--
ALTER TABLE `lugars`
  MODIFY `id` bigint UNSIGNED NOT NULL AUTO_INCREMENT, AUTO_INCREMENT=155;

--
-- AUTO_INCREMENT de la tabla `migrations`
--
ALTER TABLE `migrations`
  MODIFY `id` int UNSIGNED NOT NULL AUTO_INCREMENT, AUTO_INCREMENT=13;

--
-- AUTO_INCREMENT de la tabla `personals`
--
ALTER TABLE `personals`
  MODIFY `id` bigint UNSIGNED NOT NULL AUTO_INCREMENT, AUTO_INCREMENT=9;

--
-- AUTO_INCREMENT de la tabla `personal_access_tokens`
--
ALTER TABLE `personal_access_tokens`
  MODIFY `id` bigint UNSIGNED NOT NULL AUTO_INCREMENT;

--
-- AUTO_INCREMENT de la tabla `users`
--
ALTER TABLE `users`
  MODIFY `id` bigint UNSIGNED NOT NULL AUTO_INCREMENT, AUTO_INCREMENT=3;

--
-- Restricciones para tablas volcadas
--

--
-- Filtros para la tabla `asignacion_detalles`
--
ALTER TABLE `asignacion_detalles`
  ADD CONSTRAINT `asignacion_detalles_asignacion_id_foreign` FOREIGN KEY (`asignacion_id`) REFERENCES `asignacions` (`id`),
  ADD CONSTRAINT `asignacion_detalles_detalle_entrenamiento_id_foreign` FOREIGN KEY (`detalle_entrenamiento_id`) REFERENCES `detalle_entrenamientos` (`id`),
  ADD CONSTRAINT `asignacion_detalles_lugar_id_foreign` FOREIGN KEY (`lugar_id`) REFERENCES `lugars` (`id`);

--
-- Filtros para la tabla `asignacion_personals`
--
ALTER TABLE `asignacion_personals`
  ADD CONSTRAINT `asignacion_personals_asignacion_detalle_id_foreign` FOREIGN KEY (`asignacion_detalle_id`) REFERENCES `asignacion_detalles` (`id`),
  ADD CONSTRAINT `asignacion_personals_personal_id_foreign` FOREIGN KEY (`personal_id`) REFERENCES `personals` (`id`);

--
-- Filtros para la tabla `detalle_entrenamientos`
--
ALTER TABLE `detalle_entrenamientos`
  ADD CONSTRAINT `detalle_entrenamientos_entrenamiento_id_foreign` FOREIGN KEY (`entrenamiento_id`) REFERENCES `entrenamientos` (`id`),
  ADD CONSTRAINT `detalle_entrenamientos_lugar_id_foreign` FOREIGN KEY (`lugar_id`) REFERENCES `lugars` (`id`);
COMMIT;

/*!40101 SET CHARACTER_SET_CLIENT=@OLD_CHARACTER_SET_CLIENT */;
/*!40101 SET CHARACTER_SET_RESULTS=@OLD_CHARACTER_SET_RESULTS */;
/*!40101 SET COLLATION_CONNECTION=@OLD_COLLATION_CONNECTION */;
